time,open,high,low,close,tick_volume
2011-03-24,0.83,0.9,0.82,0.87,14009
2011-03-25,0.87,0.89,0.86,0.89,4819
2011-03-28,0.82,0.85,0.76,0.8,12565
2011-03-29,0.8,0.8,0.77,0.79,4215
2011-03-30,0.79,0.79,0.76,0.79,3218
2011-03-31,0.79,0.8,0.77,0.78,6875
2011-04-01,0.79,0.8,0.78,0.78,3186
2011-04-04,0.78,0.79,0.56,0.68,31155
2011-04-05,0.68,0.75,0.58,0.71,9730
2011-04-06,0.71,0.75,0.69,0.74,8703
2011-04-07,0.74,0.79,0.72,0.75,10832
2011-04-08,0.75,0.8,0.73,0.75,18207
2011-04-11,0.74,0.8,0.71,0.77,14645
2011-04-12,0.77,0.9,0.77,0.86,48417
2011-04-13,0.86,1.0,0.86,0.92,43397
2011-04-14,0.92,1.0,0.91,1.0,31111
2011-04-15,1.0,1.09,0.91,0.99,50304
2011-04-18,1.11,1.2,1.11,1.16,27478
2011-04-19,1.16,1.2,1.1400000000000001,1.2,12556
2011-04-20,1.18,1.2,1.13,1.1400000000000001,21344
2011-04-21,1.1400000000000001,1.21,1.1400000000000001,1.21,39295
2011-04-22,1.21,1.41,1.19,1.41,39415
2011-04-25,1.63,1.7,1.52,1.56,13471
2011-04-26,1.56,1.8,1.53,1.8,24054
2011-04-27,1.78,1.95,1.72,1.9,33055
2011-04-28,1.8900000000000001,2.65,1.6600000000000001,2.21,100238
2011-04-29,2.21,2.95,2.21,2.88,57577
2011-05-02,3.03,3.49,3.03,3.2,18333
2011-05-03,3.2,3.49,3.11,3.41,16919
2011-05-04,3.41,3.58,3.25,3.41,17278
2011-05-05,3.4,3.45,3.33,3.33,15350
2011-05-06,3.33,3.61,3.29,3.45,23014
2011-05-09,3.87,3.9,3.69,3.8,11520
2011-05-10,3.8,5.99,3.8,5.8100000000000005,56217
2011-05-11,5.75,6.07,4.6,5.5,52569
2011-05-12,5.49,6.49,5.22,6.3,31722
2011-05-13,6.3,8.45,6.3,8.2,64003
2011-05-16,6.99,8.5,6.75,8.04,44141
2011-05-17,7.9,8.39,6.98,7.19,35345
2011-05-18,7.19,7.5,6.6,6.88,25403
2011-05-19,6.7,7.34,6.61,6.8100000000000005,24436
2011-05-20,6.8100000000000005,7.11,5.58,5.59,44460
2011-05-23,6.6899999999999995,7.45,6.6899999999999995,7.15,35279
2011-05-24,7.15,7.51,6.96,7.42,29282
2011-05-25,7.42,9.33,7.22,8.4,64049
2011-05-26,8.25,8.99,8.01,8.8,28644
2011-05-27,8.7,8.83,8.5,8.5,14431
2011-05-30,8.43,9.0,8.25,8.8,17680
2011-05-31,8.8,9.5,8.1,8.74,45794
2011-06-01,8.74,9.7,8.3,9.57,43479
2011-06-02,9.57,10.89,9.5,10.6,41047
2011-06-03,10.6,14.5,10.57,14.29,72980
2011-06-06,16.7,19.23,16.45,18.55,55092
2011-06-07,18.26,24.32,18.26,23.92,53715
2011-06-08,23.92,31.91,22.21,29.6,104925
2011-06-09,29.6,31.5,26.15,28.92,62933
2011-06-10,28.92,29.4,20.01,23.95,92208
2011-06-13,18.55,24.5,16.0,19.84,73421
2011-06-14,19.8,20.5,18.0,19.28,36155
2011-06-15,19.28,20.0,19.02,19.49,27711
2011-06-16,19.49,19.89,17.0,17.0,49202
2011-06-17,17.0,18.34,13.0,15.68,108623
2011-06-27,16.45,18.0,15.0,16.75,31452
2011-06-28,16.75,17.52,16.5,16.95,24398
2011-06-29,16.95,17.2,16.67,16.84,21043
2011-06-30,16.85,17.01,15.73,16.11,34961
2011-07-01,16.1,16.74,15.26,15.4,33284
2011-07-04,15.44,15.49,13.14,13.86,52276
2011-07-05,13.86,15.0,11.0,12.91,84081
2011-07-06,12.91,16.5,12.67,14.79,111818
2011-07-07,14.78,15.9,14.5,14.77,54465
2011-07-08,14.78,15.65,13.9,14.32,34853
2011-07-11,14.9,15.2,13.8,14.21,49160
2011-07-12,14.21,14.64,13.9,14.01,26356
2011-07-13,14.03,14.15,13.91,13.95,10338
2011-07-14,13.95,14.07,13.7,13.99,17661
2011-07-15,14.0,14.09,13.5,13.81,24819
2011-07-18,13.16,13.92,12.51,13.48,75896
2011-07-19,13.48,14.7,13.44,13.85,67575
2011-07-20,13.85,14.0,13.4,13.69,23177
2011-07-21,13.72,13.78,13.4,13.61,25018
2011-07-22,13.61,13.81,13.45,13.7,15165
2011-07-25,13.98,14.72,13.76,14.05,31577
2011-07-26,14.03,14.05,13.77,13.88,16793
2011-07-27,13.88,14.13,13.85,13.94,11508
2011-07-28,13.89,13.94,13.31,13.49,32738
2011-07-29,13.49,13.7,13.33,13.5,7257
2011-08-01,13.35,13.55,12.85,13.09,21748
2011-08-02,13.1,13.11,11.5,12.05,57242
2011-08-03,12.05,12.16,8.7,9.26,90287
2011-08-04,9.26,11.15,9.26,10.75,50094
2011-08-05,10.71,10.99,9.5,9.8,30765
2011-08-08,7.9,8.16,7.05,7.8,34042
2011-08-09,7.8,12.1,7.67,9.99,114472
2011-08-10,9.99,10.4,9.5,9.98,24254
2011-08-11,9.98,10.5,8.45,9.46,58114
2011-08-12,9.46,9.8,8.91,9.46,41592
2011-08-15,10.8,11.89,10.73,11.15,38155
2011-08-16,11.16,11.33,10.82,10.97,15325
2011-08-17,10.96,11.1,10.66,10.94,22898
2011-08-18,10.98,11.05,10.81,10.83,8210
2011-08-19,10.83,11.81,10.83,11.65,33721
2011-08-22,11.31,11.5,10.51,10.89,36996
2011-08-23,10.91,11.3,10.81,10.94,12780
2011-08-24,10.94,11.08,10.83,10.85,7815
2011-08-25,10.85,10.89,9.1,9.66,55485
2011-08-26,9.66,9.89,7.64,8.18,83004
2011-08-29,9.07,9.27,8.65,8.97,21651
2011-08-30,8.97,9.0,8.55,8.79,11773
2011-08-31,8.79,8.79,8.01,8.2,19648
2011-09-01,8.2,8.36,8.1,8.21,11903
2011-09-02,8.25,8.71,8.23,8.64,16814
2011-09-05,8.18,8.19,7.25,7.61,30798
2011-09-06,7.61,7.66,6.12,6.86,82496
2011-09-07,6.86,7.6,6.53,7.18,49642
2011-09-08,7.2,7.2,6.51,6.53,31886
2011-09-09,6.53,6.58,4.18,5.03,217433
2011-09-12,5.9399999999999995,6.58,5.41,6.08,63864
2011-09-13,6.08,6.09,5.7,5.8,23759
2011-09-14,5.8,5.85,5.32,5.62,43768
2011-09-15,5.62,5.62,4.44,4.84,86220
2011-09-16,4.84,4.99,4.61,4.82,31651
2011-09-19,5.2,5.64,4.9,5.46,49836
2011-09-20,5.46,6.79,5.45,6.11,116750
2011-09-21,6.11,6.29,5.06,5.61,68164
2011-09-22,5.61,5.83,5.29,5.43,31651
2011-09-23,5.43,5.71,5.41,5.55,55667
2011-09-26,5.33,5.4,4.72,4.87,56072
2011-09-27,4.87,5.13,4.78,4.92,24645
2011-09-28,4.92,4.97,4.63,4.78,30625
2011-09-29,4.77,4.8,4.67,4.78,14092
2011-09-30,4.76,5.35,4.75,5.14,41459
2011-10-03,5.03,5.04,4.89,5.03,17289
2011-10-04,5.02,5.02,4.91,4.96,15793
2011-10-05,4.96,5.03,4.83,4.87,17586
2011-10-06,4.87,4.9,4.5,4.73,54773
2011-10-07,4.75,4.8,3.7800000000000002,4.28,97547
2011-10-10,4.1,4.2,4.01,4.1,16858
2011-10-11,4.1,4.1,3.85,3.93,41104
2011-10-12,3.93,4.45,3.9,4.15,69399
2011-10-13,4.16,4.2,4.0,4.05,19706
2011-10-14,4.06,4.12,3.95,3.99,20054
2011-10-17,3.56,3.74,2.26,2.56,207426
2011-10-18,2.54,2.9,2.31,2.42,87859
2011-10-19,2.42,2.54,2.04,2.27,101864
2011-10-20,2.27,2.39,2.22,2.35,48859
2011-10-21,2.35,2.7199999999999998,2.33,2.57,72971
2011-10-24,3.13,3.2,2.48,2.55,92232
2011-10-25,2.52,3.04,2.44,2.77,101412
2011-10-26,2.77,2.85,2.65,2.77,29400
2011-10-27,2.77,3.09,2.73,3.04,58696
2011-10-28,3.04,3.26,2.9,3.19,52365
2011-10-31,3.27,3.32,3.07,3.25,30980
2011-11-01,3.26,3.35,3.07,3.15,37893
2011-11-02,3.15,3.44,3.14,3.25,32311
2011-11-03,3.25,3.2800000000000002,3.1,3.15,24520
2011-11-04,3.17,3.21,3.01,3.11,39513
2011-11-07,2.96,3.03,2.95,3.01,23992
2011-11-08,3.01,3.21,3.01,3.04,60336
2011-11-09,3.04,3.12,2.89,2.95,52195
2011-11-10,2.95,2.9699999999999998,2.8,2.84,33928
2011-11-11,2.84,3.11,2.82,3.08,44853
2011-11-14,3.0,3.0,2.1,2.22,382186
2011-11-15,2.22,2.49,2.11,2.33,76420
2011-11-16,2.33,2.6,2.3,2.56,44208
2011-11-17,2.56,2.59,1.99,2.25,117276
2011-11-18,2.25,2.39,2.0,2.05,98135
2011-11-21,2.2,2.31,2.17,2.29,41727
2011-11-22,2.29,2.35,2.25,2.33,34208
2011-11-23,2.33,2.38,2.27,2.33,39998
2011-11-24,2.33,2.56,2.3,2.43,87264
2011-11-25,2.43,2.5300000000000002,2.37,2.5,44404
2011-11-28,2.48,2.55,2.44,2.55,41261
2011-11-29,2.55,2.98,2.54,2.75,180531
2011-11-30,2.75,3.09,2.73,2.9699999999999998,120145
2011-12-01,2.9699999999999998,3.14,2.93,3.06,63864
2011-12-02,3.06,3.14,3.04,3.12,57494
2011-12-05,2.83,2.93,2.7800000000000002,2.88,30884
2011-12-06,2.88,3.05,2.87,3.03,55599
2011-12-07,3.03,3.09,2.93,2.99,58122
2011-12-08,2.99,3.01,2.88,2.98,39933
2011-12-09,2.98,3.04,2.93,2.9699999999999998,34385
2011-12-12,3.25,3.29,3.08,3.13,39899
2011-12-13,3.17,3.25,3.14,3.25,32658
2011-12-14,3.25,3.25,2.99,3.15,72477
2011-12-15,3.15,3.21,3.11,3.2,30094
2011-12-16,3.2,3.22,3.15,3.2,29868
2011-12-19,3.19,3.7,3.19,3.52,139986
2011-12-20,3.52,4.5,3.48,3.95,186409
2011-12-21,3.92,4.04,3.81,3.89,48793
2011-12-22,3.89,3.99,3.51,3.89,57206
2011-12-23,3.89,3.95,3.81,3.95,20496
2011-12-26,4.23,4.32,3.81,4.02,88825
2011-12-27,4.02,4.1,3.96,4.07,30159
2011-12-28,4.07,4.25,3.99,4.19,33837
2011-12-29,4.19,4.33,4.12,4.17,53069
2011-12-30,4.17,4.3,4.07,4.25,41068
2012-01-02,5.26,5.47,4.8,5.21,69150
2012-01-03,5.22,5.29,4.65,4.88,125170
2012-01-04,4.88,5.7,4.75,5.57,131170
2012-01-05,5.57,7.22,5.57,6.9399999999999995,182328
2012-01-06,6.95,7.21,6.13,6.7,218077
2012-01-09,7.11,7.19,5.8100000000000005,6.32,148406
2012-01-10,6.33,6.89,6.0,6.36,110210
2012-01-11,6.45,7.14,6.41,6.9,99442
2012-01-12,6.9,7.0,6.34,6.8,140116
2012-01-13,6.8,6.8,6.4,6.41,60228
2012-01-16,7.0,7.19,6.51,6.68,122666
2012-01-17,6.68,6.96,4.64,5.6,213409
2012-01-18,5.6,6.95,5.1,5.92,226680
2012-01-19,5.92,6.36,5.87,6.36,114820
2012-01-20,6.36,6.58,6.26,6.49,66786
2012-01-23,6.31,6.39,6.21,6.36,17693
2012-01-24,6.36,6.4,6.22,6.29,35663
2012-01-25,6.29,6.32,5.5,5.75,133115
2012-01-26,5.8,5.92,5.3,5.34,123954
2012-01-27,5.34,5.51,5.05,5.29,115567
2012-01-30,5.38,5.6,5.37,5.49,42303
2012-01-31,5.49,5.65,5.43,5.48,48296
2012-02-01,5.53,6.2,5.46,6.07,115523
2012-02-02,6.07,6.2,5.82,6.1,54546
2012-02-03,6.1,6.14,5.72,5.96,59279
2012-02-06,5.6899999999999995,5.72,5.45,5.45,90258
2012-02-07,5.48,5.78,5.45,5.6899999999999995,72748
2012-02-08,5.6899999999999995,5.85,5.3,5.6,237943
2012-02-09,5.6,5.92,5.5,5.83,89946
2012-02-10,5.83,5.99,5.8,5.91,39304
2012-02-13,5.52,5.73,5.2,5.26,170208
2012-02-14,5.26,5.45,4.21,4.46,297569
2012-02-15,4.46,4.88,4.2,4.32,161797
2012-02-16,4.33,4.45,3.88,4.28,166592
2012-02-17,4.27,4.77,4.22,4.41,135948
2012-02-20,4.39,4.47,4.29,4.36,37296
2012-02-21,4.38,4.4,4.21,4.27,51786
2012-02-22,4.27,4.54,4.27,4.42,103834
2012-02-23,4.46,5.2,4.42,5.02,164305
2012-02-24,5.02,5.11,4.83,5.03,89825
2012-02-27,4.92,4.99,4.89,4.95,29368
2012-02-28,4.95,5.0,4.73,4.87,62688
2012-02-29,4.87,4.9,4.8,4.86,26536
2012-03-01,4.86,4.99,4.86,4.92,44180
2012-03-02,4.92,4.95,4.51,4.7,130761
2012-03-05,4.82,5.05,4.82,4.98,65826
2012-03-06,4.98,5.07,4.9,4.99,44530
2012-03-07,4.99,5.05,4.84,4.9399999999999995,46164
2012-03-08,4.9399999999999995,5.0,4.76,4.93,58086
2012-03-09,4.93,4.95,4.82,4.86,32720
2012-03-12,4.91,4.95,4.86,4.89,22046
2012-03-13,4.89,5.41,4.86,5.27,127322
2012-03-14,5.27,5.45,5.25,5.38,62886
2012-03-15,5.39,5.44,5.25,5.32,41075
2012-03-16,5.35,5.4,5.3,5.35,32715
2012-03-19,5.26,5.32,4.5,4.7,188885
2012-03-20,4.6899999999999995,4.9,4.58,4.83,66341
2012-03-21,4.84,4.87,4.75,4.82,46433
2012-03-22,4.79,4.88,4.59,4.7,58066
2012-03-23,4.74,4.79,4.6,4.6899999999999995,54128
2012-03-26,4.55,4.74,4.52,4.62,69834
2012-03-27,4.62,4.85,4.49,4.8100000000000005,73429
2012-03-28,4.8100000000000005,4.84,4.72,4.79,38014
2012-03-29,4.79,4.86,4.71,4.8100000000000005,37972
2012-03-30,4.8100000000000005,4.88,4.72,4.86,39069
2012-04-02,4.83,5.08,4.76,4.98,80661
2012-04-03,4.97,4.99,4.8100000000000005,4.95,78479
2012-04-04,4.95,4.97,4.89,4.91,51038
2012-04-05,4.93,4.9399999999999995,4.87,4.92,33804
2012-04-06,4.92,4.98,4.88,4.95,58208
2012-04-09,4.79,4.88,4.73,4.87,39240
2012-04-10,4.87,4.9,4.76,4.83,53099
2012-04-11,4.84,4.98,4.79,4.93,67033
2012-04-12,4.93,4.95,4.84,4.92,46365
2012-04-13,4.92,4.95,4.73,4.9399999999999995,93109
2012-04-16,4.97,4.98,4.91,4.93,31156
2012-04-17,4.96,5.02,4.93,4.98,30643
2012-04-18,4.98,5.18,4.96,5.12,79127
2012-04-19,5.12,5.19,5.1,5.14,46672
2012-04-20,5.14,5.48,5.1,5.35,104067
2012-04-23,5.2,5.21,4.96,4.96,49365
2012-04-24,4.96,5.2,4.95,5.1,70986
2012-04-25,5.1,5.18,5.04,5.13,35639
2012-04-26,5.13,5.17,4.99,5.09,57358
2012-04-27,5.1,5.13,5.03,5.11,25866
2012-04-30,4.9,5.0,4.87,4.95,55764
2012-05-01,4.95,5.0,4.92,5.0,36677
2012-05-02,5.0,5.18,4.97,5.07,95961
2012-05-03,5.07,5.18,5.02,5.13,35419
2012-05-04,5.11,5.15,5.07,5.07,43625
2012-05-07,5.05,5.1,4.97,5.06,46180
2012-05-08,5.06,5.1,4.96,5.05,68200
2012-05-09,5.05,5.1,5.0,5.04,38918
2012-05-10,5.04,5.12,4.8,4.85,69980
2012-05-11,4.85,5.0,4.8,4.96,63127
2012-05-14,4.93,5.04,4.9,5.01,52843
2012-05-15,5.02,5.04,4.95,5.03,44142
2012-05-16,5.04,5.14,5.0,5.09,69367
2012-05-17,5.09,5.1,5.05,5.1,26620
2012-05-18,5.1,5.13,5.06,5.12,52576
2012-05-21,5.1,5.13,5.06,5.1,33620
2012-05-22,5.1,5.12,5.05,5.1,46678
2012-05-23,5.1,5.17,5.07,5.14,52956
2012-05-24,5.14,5.15,5.07,5.12,28915
2012-05-25,5.12,5.15,5.1,5.15,23072
2012-05-28,5.14,5.16,5.11,5.14,27557
2012-05-29,5.14,5.16,5.01,5.15,61265
2012-05-30,5.15,5.17,5.1,5.13,39941
2012-05-31,5.14,5.21,5.12,5.19,39473
2012-06-01,5.2,5.28,5.18,5.28,44686
2012-06-04,5.21,5.28,5.18,5.27,51237
2012-06-05,5.27,5.5,5.23,5.44,83930
2012-06-06,5.45,5.49,5.39,5.46,40675
2012-06-07,5.46,5.59,5.41,5.59,48064
2012-06-08,5.59,5.66,5.5600000000000005,5.63,53838
2012-06-11,5.47,5.6,5.43,5.58,40261
2012-06-12,5.6,5.76,5.5,5.71,78979
2012-06-13,5.73,5.96,5.66,5.93,57236
2012-06-14,5.93,5.98,5.8100000000000005,5.96,35037
2012-06-15,5.95,6.58,5.88,6.5,65635
2012-06-18,6.16,6.36,6.03,6.31,46830
2012-06-19,6.31,6.53,6.28,6.5,43881
2012-06-20,6.5,6.71,6.45,6.67,64066
2012-06-21,6.67,6.8,6.5600000000000005,6.68,51940
2012-06-22,6.68,6.8,6.43,6.55,56821
2012-06-25,6.35,6.45,6.22,6.3,62636
2012-06-26,6.31,6.48,6.29,6.42,48733
2012-06-27,6.42,6.65,6.4,6.65,41977
2012-06-28,6.65,6.67,6.49,6.61,42815
2012-06-29,6.61,6.68,6.55,6.65,26297
2012-07-02,6.6,6.77,6.58,6.76,32361
2012-07-03,6.76,6.76,6.4,6.45,71065
2012-07-04,6.45,6.55,6.45,6.51,33476
2012-07-05,6.51,6.77,6.48,6.67,45341
2012-07-06,6.67,6.72,6.55,6.65,43188
2012-07-09,6.8,7.1,6.74,7.02,61641
2012-07-10,7.02,7.25,6.96,7.2,70062
2012-07-11,7.2,7.26,7.02,7.15,41888
2012-07-12,7.17,7.9,7.1,7.76,64613
2012-07-13,7.6899999999999995,7.82,7.42,7.67,65462
2012-07-16,7.62,8.65,7.61,8.5,103396
2012-07-17,8.5,9.49,7.32,8.8,210802
2012-07-18,8.8,9.4,8.5,9.11,105943
2012-07-19,9.11,9.23,8.82,8.87,48246
2012-07-20,8.87,8.87,7.6,8.52,154658
2012-07-23,8.41,9.2,7.75,8.45,146393
2012-07-24,8.45,8.85,8.34,8.6,40944
2012-07-25,8.55,8.9,8.37,8.8,64719
2012-07-26,8.8,8.9,8.6,8.9,32377
2012-07-27,8.9,8.95,8.81,8.9,26671
2012-07-30,8.71,9.15,8.7,9.1,56303
2012-07-31,9.08,9.44,9.08,9.35,70171
2012-08-01,9.35,9.65,9.11,9.55,68693
2012-08-02,9.55,11.0,9.41,10.53,126682
2012-08-03,10.53,11.12,10.3,10.97,61639
2012-08-06,10.87,11.19,10.64,10.86,51636
2012-08-07,10.91,11.1,10.65,11.1,41651
2012-08-08,11.1,11.15,10.85,11.05,31319
2012-08-09,11.06,12.01,10.8,11.07,101876
2012-08-10,11.06,11.6,11.01,11.39,63594
2012-08-13,11.62,12.05,11.49,12.03,54033
2012-08-14,12.04,12.34,11.9,12.19,44011
2012-08-15,12.19,13.25,12.16,13.25,57560
2012-08-16,13.25,13.84,12.5,13.5,96601
2012-08-17,13.5,15.4,10.6,11.58,221031
2012-08-20,8.0,10.5,7.8100000000000005,10.1,192499
2012-08-21,10.1,10.3,9.7,9.91,72079
2012-08-22,9.92,10.11,9.58,9.81,67511
2012-08-23,9.72,10.25,9.7,10.1,56013
2012-08-24,10.1,10.62,9.85,10.6,92073
2012-08-27,10.59,12.15,10.54,10.95,175113
2012-08-28,10.95,11.21,10.5,10.94,54873
2012-08-29,10.94,11.13,10.55,10.92,53645
2012-08-30,10.92,10.94,10.6,10.78,30866
2012-08-31,10.78,10.83,9.66,10.16,67789
2012-09-03,10.21,10.59,10.09,10.53,22923
2012-09-04,10.53,10.53,10.15,10.38,34876
2012-09-05,10.39,11.18,10.27,11.01,60765
2012-09-06,11.0,11.29,10.64,11.18,67049
2012-09-07,11.2,11.21,10.96,11.0,35532
2012-09-10,11.02,11.19,10.87,11.17,42287
2012-09-11,11.15,11.35,10.88,11.33,64951
2012-09-12,11.33,11.39,10.78,11.36,58624
2012-09-13,11.23,11.4,11.22,11.4,20571
2012-09-14,11.4,11.8,11.32,11.67,43256
2012-09-17,11.87,11.96,11.76,11.89,26609
2012-09-18,11.89,12.35,11.84,12.25,40946
2012-09-19,12.25,12.69,12.15,12.57,41880
2012-09-20,12.57,12.66,12.25,12.28,32563
2012-09-21,12.28,12.5,12.01,12.37,35832
2012-09-24,12.19,12.3,11.95,12.1,27289
2012-09-25,12.1,12.23,12.01,12.2,21225
2012-09-26,12.2,12.46,12.02,12.27,23492
2012-09-27,12.27,12.4,12.21,12.31,19324
2012-09-28,12.31,12.45,12.12,12.39,26673
2012-10-01,12.35,12.48,12.32,12.4,24823
2012-10-02,12.4,12.88,12.34,12.84,50830
2012-10-03,12.84,12.99,12.68,12.89,32953
2012-10-04,12.88,13.09,12.6,12.85,37943
2012-10-05,12.8,12.97,12.51,12.69,31256
2012-10-08,11.8,11.95,10.62,11.78,97936
2012-10-09,11.74,12.35,11.57,11.9,46766
2012-10-10,11.9,12.2,11.77,12.13,27719
2012-10-11,12.12,12.15,11.86,12.03,19828
2012-10-12,12.03,12.15,11.92,12.0,21537
2012-10-15,11.58,11.99,11.43,11.84,27099
2012-10-16,11.84,11.99,11.5,11.85,41183
2012-10-17,11.85,11.96,11.7,11.81,23550
2012-10-18,11.81,11.96,11.75,11.94,21878
2012-10-19,11.94,11.97,11.62,11.75,23176
2012-10-22,11.63,11.81,11.47,11.71,37619
2012-10-23,11.71,12.0,11.41,11.65,54341
2012-10-24,11.65,11.79,11.59,11.65,21761
2012-10-25,11.65,11.7,10.52,10.86,84701
2012-10-26,10.85,10.95,9.74,10.17,98991
2012-10-29,10.7,10.94,10.32,10.6,37572
2012-10-30,10.59,10.89,10.58,10.89,26021
2012-10-31,10.89,11.21,10.71,11.2,40670
2012-11-01,11.2,11.28,10.4,10.57,50360
2012-11-02,10.57,10.8,10.33,10.47,24483
2012-11-05,10.8,10.88,10.61,10.75,21774
2012-11-06,10.75,10.9,10.67,10.9,26993
2012-11-07,10.9,11.22,10.8,10.92,31731
2012-11-08,10.92,11.07,10.75,10.93,26056
2012-11-09,10.93,10.99,10.79,10.82,14724
2012-11-12,10.87,11.18,10.77,11.01,39214
2012-11-13,11.01,11.13,10.92,10.95,16755
2012-11-14,11.0,11.05,10.82,10.95,24540
2012-11-15,10.99,11.3,10.86,11.2,31897
2012-11-16,11.2,11.8,11.17,11.75,58250
2012-11-19,11.67,11.85,11.6,11.81,25194
2012-11-20,11.8,11.8,11.57,11.73,27217
2012-11-21,11.7,11.78,11.64,11.77,19224
2012-11-22,11.75,12.43,11.67,12.42,58299
2012-11-23,12.42,12.42,12.13,12.34,18966
2012-11-26,12.48,12.65,11.89,12.24,35911
2012-11-27,12.25,12.34,11.9,12.2,33191
2012-11-28,12.2,12.41,12.1,12.35,30684
2012-11-29,12.35,12.6,12.15,12.45,26502
2012-11-30,12.45,12.65,12.42,12.57,24347
2012-12-03,12.5,12.68,12.47,12.68,47146
2012-12-04,12.65,13.5,12.62,13.41,63243
2012-12-05,13.41,13.42,13.15,13.38,29791
2012-12-06,13.3,13.69,12.9,13.3,46561
2012-12-07,13.3,13.55,12.98,13.5,32796
2012-12-10,13.39,13.55,13.27,13.44,24663
2012-12-11,13.5,13.67,13.3,13.56,28043
2012-12-12,13.56,13.8,13.3,13.7,37676
2012-12-13,13.7,13.8,13.47,13.7,24194
2012-12-14,13.71,13.91,13.0,13.6,70141
2012-12-17,13.3,13.49,12.75,13.25,63629
2012-12-18,13.25,13.4,13.11,13.3,23218
2012-12-19,13.3,13.6,13.2,13.6,38805
2012-12-20,13.6,13.72,13.33,13.53,32977
2012-12-21,13.53,13.61,13.42,13.5,25328
2012-12-24,13.31,13.45,13.21,13.38,16702
2012-12-25,13.38,13.43,13.14,13.35,19958
2012-12-26,13.35,13.47,13.2,13.47,15839
2012-12-27,13.46,13.47,13.25,13.42,19819
2012-12-28,13.44,13.65,13.34,13.42,23810
2012-12-31,13.45,13.56,13.37,13.51,16047
2013-01-01,13.51,13.56,13.16,13.3,30882
2013-01-02,13.36,13.4,13.17,13.28,17966
2013-01-03,13.28,13.46,13.25,13.4,18606
2013-01-04,13.43,13.52,13.28,13.5,29639
2013-01-07,13.45,13.59,13.4,13.58,34940
2013-01-08,13.55,13.88,13.5,13.74,42795
2013-01-09,13.74,13.86,13.62,13.77,28603
2013-01-10,13.77,14.32,13.77,14.14,51808
2013-01-11,14.13,14.35,13.91,14.14,40430
2013-01-14,14.19,14.35,14.11,14.3,22094
2013-01-15,14.35,14.48,13.99,14.25,51570
2013-01-16,14.3,14.73,14.21,14.73,45534
2013-01-17,14.73,15.7,14.63,15.5,65486
2013-01-18,15.5,15.99,15.41,15.71,56094
2013-01-21,15.7,16.98,15.63,16.8,61499
2013-01-22,16.8,17.59,16.65,17.26,60973
2013-01-23,17.26,17.59,16.8,17.5,49436
2013-01-24,17.53,19.19,15.61,16.9,172016
2013-01-25,16.9,17.8,15.39,17.4,98773
2013-01-28,17.82,18.88,17.75,18.72,73703
2013-01-29,18.72,19.8,18.7,19.52,107617
2013-01-30,19.53,19.8,19.15,19.71,105246
2013-01-31,19.7,21.43,19.51,20.41,104198
2013-02-01,20.51,21.13,20.3,20.5,58381
2013-02-04,20.6,21.05,19.85,20.43,90466
2013-02-05,20.43,20.79,20.2,20.6,134267
2013-02-06,20.66,21.33,20.6,21.18,153011
2013-02-07,21.11,22.22,20.77,22.15,202127
2013-02-08,22.15,22.77,22.0,22.66,50649
2013-02-11,23.97,24.68,23.65,24.65,125986
2013-02-12,24.65,25.83,24.3,25.17,101909
2013-02-13,25.19,26.3,24.19,24.2,144964
2013-02-14,24.2,27.6,21.72,27.22,160132
2013-02-15,27.25,27.51,26.1,27.1,104017
2013-02-18,26.9,27.15,26.36,26.95,82398
2013-02-19,26.95,29.65,26.8,29.42,174574
2013-02-20,29.42,29.87,28.99,29.65,112566
2013-02-21,29.65,29.98,29.32,29.75,108040
2013-02-22,29.75,31.3,29.67,30.25,108728
2013-02-25,29.89,30.4,29.55,30.4,76738
2013-02-26,30.4,31.7,30.12,31.1,68492
2013-02-27,31.2,31.65,30.79,30.9,88555
2013-02-28,31.26,34.52,30.9,33.38,126515
2013-03-01,33.38,34.9,32.92,34.5,51080
2013-03-04,34.5,36.7,34.19,36.15,107716
2013-03-05,36.15,40.64,36.15,40.33,85415
2013-03-06,40.23,49.1,40.14,41.02,126441
2013-03-07,41.02,45.5,33.3,42.0,157308
2013-03-08,42.0,44.5,41.02,44.18,119865
2013-03-11,46.0,48.47,45.54,48.4,131288
2013-03-12,48.4,48.4,36.65,44.29,183405
2013-03-13,44.33,47.3,43.75,46.92,56332
2013-03-14,46.92,47.99,46.05,47.17,141819
2013-03-15,47.03,47.45,46.4,46.95,74096
2013-03-18,47.4,52.88,47.12,51.6,167883
2013-03-19,51.6,62.0,50.0,59.14,142544
2013-03-20,59.14,66.0,57.7,64.49,120119
2013-03-21,64.49,74.9,63.1,70.85,143797
2013-03-22,70.84,73.75,65.0,69.86,76150
2013-03-25,71.5,78.0,69.52,73.6,80820
2013-03-26,73.6,79.72,73.11,78.5,263125
2013-03-27,78.75,89.5,78.4,88.92,72172
2013-03-28,88.8,95.7,75.0,86.18,140215
2013-03-29,86.18,93.06,83.01,90.5,83140
2013-04-01,93.03,106.0,92.24,104.0,156705
2013-04-02,104.0,118.36,99.0,117.98,2324939
2013-04-03,118.0,147.0,110.0,135.0,5334934
2013-04-04,135.0,142.12,116.39,132.12,4633821
2013-04-05,132.8,144.94,130.24,142.32,5875719
2013-04-08,162.3,194.9,162.3,187.5,3938818
2013-04-09,186.5,240.11,186.5,230.0,3860318
2013-04-10,230.0,266.0,105.0,165.0,6003290
2013-04-11,165.0,188.7,110.2,124.9,1564391
2013-04-12,124.9,140.0,54.25,117.0,2885211
2013-04-15,90.0,102.0,71.51,82.39,3168140
2013-04-16,82.39,84.5,50.01,68.36,702016
2013-04-17,68.36,98.78,63.3,93.07,1166093
2013-04-18,93.07,113.0,86.0,109.01,3212895
2013-04-19,109.01,136.43,105.54,118.48,1889101
2013-04-22,118.5,127.4,118.5,127.4,8580631
2013-04-23,127.4,144.02,124.97,143.48,3967873
2013-04-24,143.48,166.44,140.97,154.21,1533532
2013-04-25,154.2,162.0,120.09,141.71,5783103
2013-04-26,141.71,144.99,121.45,136.9,6827886
2013-04-29,134.4,149.08,133.0,144.0,10024115
2013-04-30,143.8,146.93,134.0,139.23,10245122
2013-05-01,139.0,140.06,104.0,116.38,3909129
2013-05-02,116.38,126.9,91.11,106.25,4022681
2013-05-03,106.25,109.0,79.0,98.1,2334699
2013-05-06,115.94,124.9,106.01,112.25,6970665
2013-05-07,112.25,114.01,97.52,109.6,4993329
2013-05-08,109.6,116.78,109.5,113.2,11035297
2013-05-09,113.2,113.72,108.8,112.8,8354162
2013-05-10,112.8,122.5,111.54,117.7,5503892
2013-05-13,114.82,118.88,114.5,117.98,9443054
2013-05-14,117.98,119.8,109.42,111.4,4905161
2013-05-15,111.3,116.44,103.02,114.22,6689685
2013-05-16,114.22,118.97,112.1,118.21,5576364
2013-05-17,118.21,125.56,116.57,123.5,4223898
2013-05-20,113.47,123.69,113.47,122.02,10798095
2013-05-21,122.0,123.08,121.1,122.89,20428343
2013-05-22,122.89,123.49,121.33,121.93,4237552
2013-05-23,121.93,126.85,121.7,125.13,4095
2013-05-24,125.2,133.89,125.2,130.5,4345
2013-05-27,135.19,135.49,124.0,128.14,7476
2013-05-28,128.14,130.64,125.6,129.0,4334
2013-05-29,129.0,132.0,127.6,131.89,5409
2013-05-30,131.89,132.67,127.0,127.5,4845
2013-05-31,127.81,130.54,126.4,127.0,4007
2013-06-03,119.02,122.47,115.97,120.26,5058
2013-06-04,120.26,123.84,118.79,121.01,4461
2013-06-05,121.0,123.4,119.55,120.47,5031
2013-06-06,120.51,123.09,119.21,119.51,5366
2013-06-07,119.51,120.5,106.25,111.62,6532
2013-06-10,100.52,110.1,98.0,105.8,5970
2013-06-11,105.18,109.32,104.44,107.83,4718
2013-06-12,107.83,111.74,106.7,107.89,5665
2013-06-13,107.99,110.16,107.74,107.88,4550
2013-06-14,107.89,108.1,97.71,99.55,5338
2013-06-17,99.7,102.32,98.9,101.15,2372
2013-06-18,101.17,112.78,100.24,105.0,3022
2013-06-19,105.33,110.6,104.53,106.9,3392
2013-06-20,106.9,114.0,106.61,112.3,3004
2013-06-21,112.3,115.0,107.57,109.27,3731
2013-06-24,106.8,108.25,100.8,102.92,2691
2013-06-25,102.92,107.14,100.95,101.86,2700
2013-06-26,101.86,105.47,101.5,104.3,2492
2013-06-27,104.3,104.76,102.0,102.59,2029
2013-06-28,102.59,102.88,92.25,95.29,2577
2013-07-01,96.72,97.68,88.95,89.13,2213
2013-07-02,89.13,92.3,86.2,89.56,2339
2013-07-03,89.56,91.15,81.88,82.15,2351
2013-07-04,82.15,83.66,72.15,81.57,3557
2013-07-05,81.58,81.58,65.51,70.64,3394
2013-07-08,71.65,79.99,70.74,77.06,3376
2013-07-09,77.08,78.29,72.55,76.78,3691
2013-07-10,76.78,84.36,75.65,84.24,3337
2013-07-11,84.24,102.1,82.83,87.56,3779
2013-07-12,87.8,98.0,86.55,97.5,1282
2013-07-15,94.34,101.94,93.11,98.89,8933154
2013-07-16,98.89,100.73,96.0,97.1,15306864
2013-07-17,96.97,100.0,96.18,98.5,5678723
2013-07-18,98.5,98.8,86.2,90.07,3535604
2013-07-19,90.08,95.2,87.6,92.0,5019207
2013-07-22,91.98,92.0,89.8,91.6,2077943
2013-07-23,91.6,97.13,91.6,95.56,4205817
2013-07-24,95.61,95.99,92.3,95.09,6184225
2013-07-25,95.09,97.48,93.57,96.95,5368927
2013-07-26,97.0,97.48,96.0,96.02,2618748
2013-07-29,98.78,102.85,98.45,101.48,3143235
2013-07-30,101.21,107.99,100.47,107.96,5372730
2013-07-31,107.26,111.65,103.55,106.21,6626179
2013-08-01,106.23,108.0,103.0,104.0,7944516
2013-08-02,104.62,108.0,101.21,104.5,5633750
2013-08-05,105.12,107.77,105.0,106.72,11539385
2013-08-06,106.22,107.5,95.47,106.56,3540013
2013-08-07,106.56,106.96,96.12,105.99,3791499
2013-08-08,105.99,106.65,95.26,103.05,3154605
2013-08-09,103.07,105.79,94.5,102.8,4937921
2013-08-12,105.0,108.12,103.5,106.81,5440503
2013-08-13,106.99,108.85,93.97,94.5,10508407
2013-08-14,94.5,98.16,94.22,98.0,14985
2013-08-15,98.0,98.1,96.0,96.4,13602
2013-08-16,96.4,96.87,95.16,96.25,9988
2013-08-19,97.0,100.62,96.72,98.8,2198
2013-08-20,98.81,100.34,97.71,100.34,4858
2013-08-21,100.33,108.99,100.25,107.47,10286
2013-08-22,107.47,108.97,106.0,107.46,7808
2013-08-23,107.46,107.8,102.12,105.1,6311
2013-08-26,109.65,110.2,106.2,107.52,3481
2013-08-27,107.6,116.5,107.05,115.4,5481
2013-08-28,115.4,116.25,114.01,115.84,3606
2013-08-29,115.78,116.29,114.8,115.52,2871
2013-08-30,115.51,121.94,115.51,120.58,3289
2013-09-02,125.5,126.56,123.05,125.42,3526
2013-09-03,125.43,125.96,123.5,124.95,2341
2013-09-04,124.96,125.0,114.01,119.0,5063
2013-09-05,118.49,119.49,111.61,117.2,7939
2013-09-06,117.2,119.29,113.41,114.4,4152
2013-09-09,114.53,121.88,114.5,119.54,3779
2013-09-10,119.99,121.9,118.26,119.59,3807
2013-09-11,119.5,123.75,117.0,122.0,3203
2013-09-12,122.0,124.9,121.78,123.72,3220
2013-09-13,123.72,125.0,122.0,124.34,2945
2013-09-16,123.1,124.78,122.38,123.9,2536
2013-09-17,123.9,125.0,123.6,124.6,2163
2013-09-18,124.5,126.0,124.35,125.6,1616
2013-09-19,125.6,125.64,120.2,122.63,3246
2013-09-20,122.63,123.99,119.5,121.51,7863
2013-09-23,121.02,122.19,120.52,120.52,2873
2013-09-24,120.53,121.45,119.6,121.02,1340
2013-09-25,121.45,123.67,120.91,122.57,2069
2013-09-26,122.57,123.13,121.35,122.56,1722
2013-09-27,122.56,123.49,121.71,122.6,2278
2013-09-30,123.5,123.99,121.58,123.5,2262
2013-10-01,123.25,124.5,122.69,123.81,2060
2013-10-02,123.95,124.66,75.2,107.0,4271
2013-10-03,107.0,116.48,94.08,115.9,5559
2013-10-04,115.8,120.8,114.41,118.88,3010
2013-10-07,119.0,122.69,119.0,121.93,2920
2013-10-08,121.8,122.64,121.1,121.8,3376
2013-10-09,121.8,124.0,121.41,123.2,3428
2013-10-10,123.2,124.93,123.0,123.34,5443
2013-10-11,123.34,124.92,123.16,123.73,4655
2013-10-14,127.03,133.85,127.03,129.76,6332
2013-10-15,129.75,137.66,129.75,135.93,4932
2013-10-16,135.93,144.65,131.37,134.2,7185
2013-10-17,134.2,140.99,133.13,140.89,5784
2013-10-18,140.91,147.5,140.11,147.18,6878
2013-10-21,158.5,172.0,158.46,170.25,6043
2013-10-22,170.25,187.0,169.4,180.9,9100
2013-10-23,180.9,198.5,180.1,195.24,8757
2013-10-24,195.2,203.98,152.4,180.42,13665
2013-10-25,180.42,185.2,156.0,171.45,16435
2013-10-28,184.0,192.43,181.2,188.39,6368
2013-10-29,188.35,197.0,185.0,195.66,5455
2013-10-30,195.66,198.49,191.01,193.99,7677
2013-10-31,193.9,198.0,191.17,196.8,6321
2013-11-01,196.51,198.6,195.55,198.0,3956
2013-11-04,207.41,219.98,205.87,218.1,6710
2013-11-05,218.45,244.85,216.0,237.9,9929
2013-11-06,237.9,253.78,233.1,252.52,10764
2013-11-07,253.03,292.0,249.11,281.95,12159
2013-11-08,281.95,314.9,280.0,309.75,9710
2013-11-11,297.65,329.7,290.0,323.55,12139
2013-11-12,323.55,345.5,319.35,332.51,9294
2013-11-13,332.51,400.0,332.51,392.0,12321
2013-11-14,392.0,410.8,376.0,403.0,13396
2013-11-15,403.03,425.4,394.08,394.08,9051
2013-11-18,478.37,619.99,460.0,614.0,17896
2013-11-19,610.0,820.0,376.7,568.0,22993
2013-11-20,568.1,568.1,387.93,500.69,24059
2013-11-21,500.69,642.01,495.0,641.3,16826
2013-11-22,637.02,699.99,615.04,696.76,14502
2013-11-25,708.2,737.88,690.25,705.59,10970
2013-11-26,705.0,876.0,705.0,860.0,10653
2013-11-27,860.49,950.0,843.0,935.0,14147
2013-11-28,931.0,999.99,850.0,950.01,14929
2013-11-29,945.99,1031.0,927.0,1016.1,17109
2013-12-02,848.16,987.49,819.19,945.57,18764
2013-12-03,954.15,1018.0,928.1,995.01,11640
2013-12-04,995.0,1077.23,990.3,1074.0,10233
2013-12-05,1074.0,1077.23,847.99,1000.11,17702
2013-12-06,1000.12,1006.0,825.0,904.0,14838
2013-12-09,759.0,899.0,757.85,868.0,15500
2013-12-10,868.0,966.6,863.03,958.0,11962
2013-12-11,958.0,970.9,804.98,860.01,15629
2013-12-12,860.01,889.16,825.0,850.19,9666
2013-12-13,850.19,907.0,835.0,857.46,10304
2013-12-16,855.0,870.0,634.0,710.75,15985
2013-12-17,715.0,748.5,610.0,663.54,19338
2013-12-18,663.2,666.0,420.0,526.8,27580
2013-12-19,516.9,674.72,483.78,662.2,30444
2013-12-20,660.1,709.89,591.0,625.0,24378
2013-12-23,614.0,642.9,592.0,638.0,14423
2013-12-24,638.0,668.0,629.0,649.85,11427
2013-12-25,646.88,672.98,640.0,662.1,10158
2013-12-26,663.0,757.0,662.0,742.66,15848
2013-12-27,743.0,761.0,681.0,695.15,15769
2013-12-30,725.65,737.0,716.65,731.0,8791
2013-12-31,730.19,734.4,711.0,726.38,7732
2014-01-01,726.38,748.5,726.33,741.32,8073
2014-01-02,741.0,799.89,740.17,792.53,10770
2014-01-03,792.53,818.47,765.0,785.0,14537
2014-01-06,905.34,990.0,888.0,935.21,17902
2014-01-07,935.21,944.0,780.0,797.3,17935
2014-01-08,797.3,850.0,720.1,814.21,19019
2014-01-09,813.0,843.89,778.0,833.89,13813
2014-01-10,833.0,837.0,794.23,836.59,10716
2014-01-13,850.0,850.0,791.51,819.0,15089
2014-01-14,818.81,840.0,805.88,823.63,11250
2014-01-15,823.63,848.61,813.0,840.0,13249
2014-01-16,839.0,845.17,818.0,826.81,10964
2014-01-17,824.99,826.79,782.98,784.0,13272
2014-01-20,827.88,841.5,815.03,831.73,10118
2014-01-21,831.73,837.0,819.94,829.98,9742
2014-01-22,829.98,834.92,815.01,822.1,9636
2014-01-23,822.11,828.89,801.0,812.5,9227
2014-01-24,812.5,815.5,753.1,776.0,14916
2014-01-27,822.88,829.57,750.4,763.04,13340
2014-01-28,763.03,806.29,727.11,783.05,16176
2014-01-29,783.05,797.88,771.05,787.4,10890
2014-01-30,787.4,808.41,757.0,793.5,12454
2014-01-31,793.5,802.1,785.0,793.0,7511
2014-02-03,796.9,808.8,783.04,800.0,4474
2014-02-04,800.0,809.8,793.18,802.01,4124
2014-02-05,802.2,804.54,786.85,795.5,7743
2014-02-06,795.5,799.98,760.51,761.28,10116
2014-02-07,762.0,766.68,676.1,725.07,15980
2014-02-10,705.95,719.8,300.0,661.01,14440
2014-02-11,661.01,709.99,622.2,634.87,12606
2014-02-12,635.32,673.0,632.98,650.0,8282
2014-02-13,650.0,654.0,581.97,588.9,8723
2014-02-14,588.8,688.89,514.38,631.06,20766
2014-02-17,572.57,645.41,565.0,612.1,13515
2014-02-18,612.53,633.9,603.02,608.25,8304
2014-02-19,608.25,617.89,604.57,614.0,5482
2014-02-20,614.0,616.25,554.46,554.46,12830
2014-02-21,554.34,575.89,514.15,545.66,16213
2014-02-24,604.64,609.73,551.9,552.1,15396
2014-02-25,552.1,563.0,430.12,517.21,24530
2014-02-26,517.0,590.99,517.0,556.0,19372
2014-02-27,555.51,578.49,540.0,567.02,11030
2014-02-28,567.02,572.0,533.0,546.0,10945
2014-03-03,550.54,687.0,546.02,641.43,15331
2014-03-04,641.43,698.01,637.0,650.0,16562
2014-03-05,650.0,668.1,633.92,647.87,11047
2014-03-06,648.0,658.0,634.03,644.0,7115
2014-03-07,644.0,648.0,604.09,620.0,10687
2014-03-10,628.97,641.48,609.95,613.6,6351
2014-03-11,613.59,628.51,611.4,620.8,5202
2014-03-12,620.81,637.0,620.8,627.6,6177
2014-03-13,627.6,635.0,622.1,629.99,6718
2014-03-14,629.99,630.0,620.46,625.0,4961
2014-03-17,622.0,627.71,608.0,615.21,10479
2014-03-18,615.22,619.0,598.0,616.1,13759
2014-03-19,616.1,624.84,607.0,608.27,15539
2014-03-20,607.62,612.38,582.08,590.43,15456
2014-03-21,590.5,605.84,561.09,580.0,12975
2014-03-24,566.6,581.3,555.23,581.3,13109
2014-03-25,581.3,590.13,569.11,580.12,11033
2014-03-26,580.12,588.9,571.11,583.76,6156
2014-03-27,582.77,584.02,509.9,516.0,17168
2014-03-28,516.98,529.37,472.0,492.52,15869
2014-03-31,456.31,487.5,446.2,455.26,14592
2014-04-01,455.26,500.0,454.5,482.07,15865
2014-04-02,481.93,498.5,422.37,432.06,21048
2014-04-03,432.07,453.0,410.0,445.1,21399
2014-04-04,445.1,456.81,423.19,445.53,13563
2014-04-07,458.97,464.0,438.13,442.03,13661
2014-04-08,442.03,454.7,441.25,443.19,10483
2014-04-09,443.04,451.0,435.5,437.93,9078
2014-04-10,437.98,439.7,375.0,377.99,18808
2014-04-11,377.5,435.0,342.8,417.55,25960
2014-04-14,400.83,468.0,396.57,455.0,15070
2014-04-15,455.0,540.81,447.0,500.6,17163
2014-04-16,500.6,544.99,485.32,508.3,16743
2014-04-17,508.0,535.0,466.56,486.0,14339
2014-04-18,486.0,496.63,456.8,471.0,9947
2014-04-21,485.31,503.99,478.0,482.5,7265
2014-04-22,482.4,490.0,469.51,480.65,6408
2014-04-23,481.0,482.09,471.86,480.0,6122
2014-04-24,480.0,485.68,470.54,483.33,6005
2014-04-25,483.34,495.77,432.2,452.29,14566
2014-04-28,432.12,437.49,412.94,432.01,10299
2014-04-29,432.86,442.69,424.44,433.12,10210
2014-04-30,433.12,443.0,427.96,439.92,11910
2014-05-01,438.31,453.56,436.45,444.75,11257
2014-05-02,444.75,449.25,429.28,435.32,9430
2014-05-05,426.28,431.46,421.77,424.3,7166
2014-05-06,424.31,428.0,411.4,419.83,9574
2014-05-07,419.83,437.0,416.5,432.23,7311
2014-05-08,432.22,436.0,426.89,428.0,6997
2014-05-09,428.0,444.0,426.61,438.11,5920
2014-05-12,430.0,437.03,428.01,432.7,5799
2014-05-13,432.7,438.0,430.8,432.83,5119
2014-05-14,432.83,439.1,432.4,438.0,3666
2014-05-15,438.0,441.9,433.6,438.21,4401
2014-05-16,438.21,441.0,435.49,440.85,5313
2014-05-19,439.8,441.8,435.29,439.02,3921
2014-05-20,439.04,486.37,436.5,474.4,10188
2014-05-21,474.39,487.99,471.0,478.27,6412
2014-05-22,478.28,515.07,476.99,514.0,8370
2014-05-23,514.0,539.6,508.11,517.52,12116
2014-05-26,565.23,591.0,558.0,574.9,9388
2014-05-27,573.5,586.0,541.1,563.16,11743
2014-05-28,563.15,569.21,549.0,554.5,7614
2014-05-29,554.5,564.88,543.1,555.0,6182
2014-05-30,555.0,607.03,552.87,602.0,10018
2014-06-02,640.98,651.5,602.0,638.11,13221
2014-06-03,638.11,667.0,635.38,657.36,12525
2014-06-04,657.36,659.69,605.0,636.8,11269
2014-06-05,636.8,656.27,625.1,645.57,8200
2014-06-06,647.18,650.0,635.33,637.01,6130
2014-06-09,643.0,648.1,631.6,635.62,6063
2014-06-10,635.62,648.0,633.0,642.3,4653
2014-06-11,642.3,648.89,627.99,632.4,6270
2014-06-12,633.0,633.0,586.68,591.0,8456
2014-06-13,588.98,611.5,560.0,588.88,13863
2014-06-16,572.0,603.0,568.93,587.0,10180
2014-06-17,587.15,604.1,583.42,603.8,6880
2014-06-18,603.99,609.99,594.99,596.6,6552
2014-06-19,596.12,604.49,589.91,595.0,5526
2014-06-20,593.7,596.0,578.97,584.04,6395
2014-06-23,591.33,596.0,578.0,582.6,5387
2014-06-24,582.6,585.84,576.35,582.1,3858
2014-06-25,581.81,582.59,556.0,564.0,8387
2014-06-26,564.0,569.4,555.99,566.97,5310
2014-06-27,566.97,588.99,566.0,581.42,6466
2014-06-30,590.04,646.89,588.18,642.0,10537
2014-07-01,640.71,654.1,629.32,635.7,9443
2014-07-02,635.7,647.8,625.0,638.57,11006
2014-07-03,638.57,643.71,629.0,632.99,7011
2014-07-04,632.99,639.6,622.46,626.5,6380
2014-07-07,631.16,633.0,610.01,617.71,8423
2014-07-08,617.74,621.0,611.62,618.5,5976
2014-07-09,618.51,619.7,611.79,616.32,5098
2014-07-10,616.37,618.9,603.7,610.62,6213
2014-07-11,610.63,625.0,606.69,623.0,4230
2014-07-14,621.08,623.47,611.0,617.9,4592
2014-07-15,617.9,619.13,614.93,615.6,3778
2014-07-16,616.5,618.08,609.79,613.0,3911
2014-07-17,614.3,623.0,606.1,615.01,5020
2014-07-18,615.0,620.5,611.19,618.23,3094
2014-07-21,612.52,616.15,611.45,614.61,3681
2014-07-22,614.62,616.39,611.5,613.16,3829
2014-07-23,613.11,615.85,609.02,611.0,2727
2014-07-24,611.04,613.33,578.59,586.1,6163
2014-07-25,591.45,602.22,585.0,594.89,6796
2014-07-28,585.76,586.5,562.99,581.97,7782
2014-07-29,581.66,583.0,572.5,577.7,5869
2014-07-30,577.7,579.88,555.16,558.99,6419
2014-07-31,559.17,584.79,555.0,577.58,8872
2014-08-01,577.58,598.0,575.22,591.1,4847
2014-08-04,580.0,588.5,576.0,581.86,4400
2014-08-05,581.86,582.99,574.76,579.01,6139
2014-08-06,578.41,584.17,572.4,576.8,4056
2014-08-07,576.5,588.98,575.15,585.97,4407
2014-08-08,585.97,594.99,583.01,589.8,4505
2014-08-11,584.01,587.71,572.1,574.02,4745
2014-08-12,572.93,580.0,560.94,566.63,8771
2014-08-13,566.63,570.0,523.0,535.1,12194
2014-08-14,535.1,539.63,491.31,507.5,13559
2014-08-15,507.5,517.0,483.49,488.88,10970
2014-08-18,480.15,497.0,334.0,430.19,18482
2014-08-19,430.2,486.01,427.14,473.97,15318
2014-08-20,473.96,518.12,455.57,500.0,13449
2014-08-21,500.0,528.92,495.15,511.81,13449
2014-08-22,511.81,520.42,491.11,512.02,10978
2014-08-25,504.28,508.0,492.85,501.22,7193
2014-08-26,501.21,514.36,496.31,507.95,6773
2014-08-27,507.94,517.86,505.01,509.98,7253
2014-08-28,509.97,512.22,498.06,503.63,5906
2014-08-29,503.63,507.26,495.6,504.28,5291
2014-09-01,476.88,488.0,469.47,480.0,7450
2014-09-02,478.5,481.87,465.63,475.52,7150
2014-09-03,475.52,475.99,469.41,472.0,4151
2014-09-04,471.42,493.62,467.9,487.81,4989
2014-09-05,487.81,489.91,477.3,480.3,5507
2014-09-08,476.01,480.0,460.67,470.63,8582
2014-09-09,470.19,473.51,461.36,470.09,5614
2014-09-10,470.14,483.01,459.7,474.76,5489
2014-09-11,474.76,478.7,467.0,469.1,5076
2014-09-12,470.0,473.9,464.93,469.3,4780
2014-09-15,469.62,470.0,464.89,466.83,5001
2014-09-16,466.83,468.91,455.11,456.13,7549
2014-09-17,455.81,459.06,434.17,437.12,8850
2014-09-18,437.47,449.0,391.11,399.0,14854
2014-09-19,399.0,426.05,371.12,385.62,15361
2014-09-22,380.69,398.99,377.39,388.24,7714
2014-09-23,387.29,446.04,381.0,436.6,11355
2014-09-24,437.5,439.17,410.0,415.93,9304
2014-09-25,415.93,416.54,396.22,400.0,8230
2014-09-26,400.0,412.16,388.64,395.34,6526
2014-09-29,374.04,385.43,361.12,371.86,10301
2014-09-30,371.86,388.95,364.07,382.0,7613
2014-10-01,381.9,385.0,372.1,373.63,6021
2014-10-02,373.34,378.64,363.82,367.31,4776
2014-10-03,367.39,369.04,342.0,343.22,6978
2014-10-06,304.76,342.99,295.46,329.72,16114
2014-10-07,329.72,337.71,313.1,324.64,11539
2014-10-08,324.64,346.83,322.5,344.49,8964
2014-10-09,344.67,381.75,343.03,362.99,12678
2014-10-10,362.58,370.77,346.64,350.93,10738
2014-10-13,367.07,384.88,362.1,382.9,10666
2014-10-14,382.93,408.2,380.83,398.0,11425
2014-10-15,398.0,400.76,380.2,386.97,8035
2014-10-16,387.0,391.5,362.78,373.41,9054
2014-10-17,373.41,381.75,367.76,377.65,6219
2014-10-20,383.1,385.75,372.5,377.16,6334
2014-10-21,377.16,385.5,373.41,379.98,5908
2014-10-22,379.98,382.99,375.0,376.99,5543
2014-10-23,377.0,379.01,355.0,356.86,7533
2014-10-24,356.86,359.99,349.12,350.85,7291
2014-10-27,350.51,354.93,342.2,349.42,7216
2014-10-28,349.33,355.88,346.0,350.4,4900
2014-10-29,350.5,351.8,335.55,336.24,5810
2014-10-30,335.66,352.0,327.96,345.97,7800
2014-10-31,345.97,349.6,332.0,337.0,6312
2014-11-03,324.46,334.99,320.8,322.87,7715
2014-11-04,322.87,328.12,319.16,323.86,6242
2014-11-05,323.86,338.99,322.9,336.89,6117
2014-11-06,337.09,348.35,332.7,345.83,5968
2014-11-07,345.81,350.01,337.01,339.6,6349
2014-11-10,356.12,374.6,354.42,366.61,8396
2014-11-11,366.6,372.67,358.0,363.0,6615
2014-11-12,363.0,429.0,360.96,418.9,13538
2014-11-13,418.9,454.0,385.1,400.01,18243
2014-11-14,400.0,421.0,377.98,391.1,13972
2014-11-17,380.55,405.94,373.03,379.9,10657
2014-11-18,379.9,388.58,367.43,373.19,9079
2014-11-19,373.19,386.34,368.0,372.8,8198
2014-11-20,372.8,377.92,353.11,354.39,7405
2014-11-21,354.38,357.52,339.67,348.1,9001
2014-11-24,365.81,385.82,361.64,376.01,8753
2014-11-25,376.88,389.0,367.89,371.0,8959
2014-11-26,371.0,374.79,362.0,363.78,7047
2014-11-27,363.78,369.99,361.05,366.19,6368
2014-11-28,365.58,380.92,354.0,377.3,6469
2014-12-01,373.99,382.31,372.0,377.32,5590
2014-12-02,377.64,381.92,372.87,373.98,4894
2014-12-03,374.0,378.85,367.99,370.63,5896
2014-12-04,370.63,373.99,362.56,364.6,4460
2014-12-05,364.6,372.9,360.44,370.87,4728
2014-12-08,368.73,369.0,357.16,359.0,4914
2014-12-09,358.93,360.0,337.39,346.07,8321
2014-12-10,346.07,348.0,341.51,342.13,5180
2014-12-11,340.75,356.0,332.51,341.74,8003
2014-12-12,341.74,349.56,339.88,347.25,5379
2014-12-15,344.35,344.9,335.18,336.11,6876
2014-12-16,335.48,340.0,320.05,321.11,8360
2014-12-17,321.11,328.5,312.8,318.88,9207
2014-12-18,318.5,323.14,304.05,311.26,10669
2014-12-19,311.26,317.5,304.99,313.97,6440
2014-12-22,315.94,332.03,314.95,328.17,6998
2014-12-23,328.17,334.47,326.1,330.0,6048
2014-12-24,329.98,330.91,317.82,317.97,4772
2014-12-25,318.0,320.96,315.39,317.3,5185
2014-12-26,317.3,328.7,314.7,326.15,5559
2014-12-29,311.78,317.0,310.1,311.0,6442
2014-12-30,311.02,313.8,307.5,309.7,5735
2014-12-31,309.66,315.0,307.43,313.5,5257
2015-01-01,313.5,318.1,312.25,312.25,3438
2015-01-02,312.25,315.39,310.97,312.72,3813
2015-01-05,266.22,279.5,262.0,268.32,10726
2015-01-06,268.55,285.58,268.55,284.52,8361
2015-01-07,284.52,301.02,281.27,291.89,8599
2015-01-08,291.89,294.9,282.49,288.0,7965
2015-01-09,288.0,291.5,278.28,287.91,6834
2015-01-12,263.14,269.5,258.21,265.27,11322
2015-01-13,265.24,266.92,221.57,231.0,17508
2015-01-14,230.79,231.94,168.97,174.6,27812
2015-01-15,174.59,226.01,162.68,201.36,26788
2015-01-16,201.37,219.77,196.0,204.88,18810
2015-01-19,204.0,215.1,203.85,211.92,11632
2015-01-20,212.44,212.44,203.59,207.98,8508
2015-01-21,207.97,223.46,207.42,222.5,8564
2015-01-22,222.86,233.86,219.05,227.5,12537
2015-01-23,227.5,230.51,221.01,229.87,7668
2015-01-26,246.99,303.3,246.03,264.79,23192
2015-01-27,264.08,267.0,241.09,252.0,15805
2015-01-28,252.02,255.37,214.3,219.11,12745
2015-01-29,219.34,233.52,212.2,227.04,14301
2015-01-30,227.04,235.0,218.85,221.21,10713
2015-02-02,225.12,226.84,218.27,221.68,10530
2015-02-03,221.72,240.44,220.68,222.56,15769
2015-02-04,222.56,227.26,218.0,223.25,9990
2015-02-05,222.67,225.0,212.12,215.67,7334
2015-02-06,215.63,223.0,213.24,219.64,7744
2015-02-09,220.45,222.3,213.98,220.99,6887
2015-02-10,220.89,221.28,213.19,217.45,7260
2015-02-11,216.75,220.97,214.86,215.38,4649
2015-02-12,215.3,218.5,214.39,218.05,3306
2015-02-13,218.05,235.95,216.61,231.02,9472
2015-02-16,229.0,237.37,224.43,232.98,10199
2015-02-17,232.98,243.0,229.87,237.65,8507
2015-02-18,237.53,241.47,228.33,230.06,6991
2015-02-19,230.09,238.98,230.0,236.1,5941
2015-02-20,236.1,241.42,231.87,237.79,8478
2015-02-23,229.12,233.94,224.98,233.23,6702
2015-02-24,233.23,233.99,227.78,231.89,5836
2015-02-25,232.1,232.82,228.9,231.01,4493
2015-02-26,231.01,232.14,228.12,230.6,4571
2015-02-27,230.54,252.2,230.54,249.04,9988
2015-03-02,252.2,268.52,247.93,266.34,10455
2015-03-03,266.4,283.0,262.08,279.52,10194
2015-03-04,279.52,280.45,261.5,265.0,9494
2015-03-05,265.0,276.03,259.0,273.0,13450
2015-03-06,273.49,275.31,266.22,270.63,6922
2015-03-09,271.66,289.9,270.31,286.73,7805
2015-03-10,286.73,299.0,284.48,290.94,9111
2015-03-11,290.93,294.49,285.65,291.93,7650
2015-03-12,292.0,295.0,290.12,292.0,4778
2015-03-13,292.0,292.61,285.0,285.8,5555
2015-03-16,280.73,290.97,279.4,287.5,6847
2015-03-17,286.8,289.3,281.58,283.97,4676
2015-03-18,284.03,284.03,255.04,256.0,9736
2015-03-19,256.0,260.0,243.0,252.7,12321
2015-03-20,252.91,260.9,252.7,256.61,7240
2015-03-23,266.08,269.71,257.16,262.92,6771
2015-03-24,262.92,265.0,243.5,248.19,8978
2015-03-25,248.19,249.75,235.4,243.38,9103
2015-03-26,243.39,252.92,243.14,245.67,6977
2015-03-27,245.63,248.0,241.0,245.8,5684
2015-03-30,237.76,247.33,234.08,245.97,7278
2015-03-31,245.94,247.77,238.65,241.79,6614
2015-04-01,241.79,244.41,236.99,242.67,5821
2015-04-02,242.67,253.28,238.99,249.73,7955
2015-04-03,249.53,252.92,247.12,251.64,6990
2015-04-06,254.0,258.53,247.99,249.27,7442
2015-04-07,249.27,251.99,244.0,249.48,7486
2015-04-08,249.48,250.5,241.0,243.89,5774
2015-04-09,243.17,244.69,236.0,239.99,5143
2015-04-10,240.0,242.48,229.09,231.43,6589
2015-04-13,232.46,234.29,221.05,222.2,5111
2015-04-14,222.0,224.51,213.99,215.14,8723
2015-04-15,215.14,222.31,214.18,218.91,6594
2015-04-16,218.91,228.04,218.91,227.0,6320
2015-04-17,227.0,227.75,219.43,220.71,5727
2015-04-20,220.69,224.56,219.46,222.11,5050
2015-04-21,221.6,232.85,220.6,230.79,4724
2015-04-22,230.8,236.57,228.61,231.91,6805
2015-04-23,231.99,233.72,230.33,231.51,5259
2015-04-24,231.5,234.03,227.33,230.0,5945
2015-04-27,217.36,232.44,215.0,224.4,12517
2015-04-28,224.4,243.71,217.87,226.98,11511
2015-04-29,227.16,230.03,225.05,227.95,6003
2015-04-30,227.66,243.87,226.22,239.57,7443
2015-05-01,239.56,241.28,233.95,235.0,5622
2015-05-04,241.12,243.05,237.34,238.29,5108
2015-05-05,237.98,239.3,232.96,236.05,4549
2015-05-06,236.05,237.99,233.69,234.93,3866
2015-05-07,234.97,239.66,230.11,238.0,6347
2015-05-08,237.4,245.0,235.97,244.15,5109
2015-05-11,239.85,243.72,239.7,242.58,5586
2015-05-12,242.58,243.35,239.0,240.65,4154
2015-05-13,240.65,243.5,240.06,242.12,5202
2015-05-14,242.12,243.32,235.2,236.52,5537
2015-05-15,236.0,239.12,233.35,237.42,4246
2015-05-18,235.5,237.82,231.81,232.41,3308
2015-05-19,232.41,234.85,231.92,232.7,3780
2015-05-20,232.69,235.8,231.85,233.76,3574
2015-05-21,233.78,237.29,233.34,235.31,3556
2015-05-22,235.01,242.54,234.81,241.2,5399
2015-05-25,242.12,243.01,237.0,238.3,4687
2015-05-26,238.2,240.33,236.42,238.58,4894
2015-05-27,238.5,240.1,237.5,238.34,4642
2015-05-28,238.35,240.0,237.88,239.22,3088
2015-05-29,239.12,239.83,237.13,237.45,3401
2015-06-01,232.08,232.61,223.58,224.11,6713
2015-06-02,224.01,228.88,222.33,227.92,5535
2015-06-03,227.92,229.14,226.0,227.66,4747
2015-06-04,228.0,228.5,225.2,226.4,3327
2015-06-05,226.39,228.0,224.14,226.1,3977
2015-06-08,225.9,230.66,224.9,229.5,3560
2015-06-09,229.5,232.53,227.92,230.4,4750
2015-06-10,230.7,232.01,229.3,230.35,3210
2015-06-11,230.35,231.8,229.5,230.13,2757
2015-06-12,230.11,233.04,229.95,231.81,2936
2015-06-15,234.41,239.57,233.6,238.59,4715
2015-06-16,238.5,253.37,236.15,246.02,9067
2015-06-17,246.02,256.75,245.0,250.81,13218
2015-06-18,250.43,251.51,244.05,248.39,8444
2015-06-19,248.39,249.92,242.16,243.36,7980
2015-06-22,242.48,249.24,241.27,248.4,5525
2015-06-23,248.55,248.87,243.13,245.0,5486
2015-06-24,245.0,246.01,240.6,241.94,5818
2015-06-25,241.85,245.3,240.1,243.22,5600
2015-06-26,243.0,244.54,241.0,242.27,3668
2015-06-29,246.0,256.18,245.8,254.21,7383
2015-06-30,254.21,269.3,254.16,260.8,12272
2015-07-01,260.85,264.61,255.0,257.5,8198
2015-07-02,257.5,259.95,253.5,255.0,6805
2015-07-03,255.21,255.81,252.5,253.62,5658
2015-07-06,266.01,272.01,263.12,269.34,12219
2015-07-07,269.8,270.13,260.07,261.64,9387
2015-07-08,261.39,271.0,261.0,263.71,10321
2015-07-09,263.7,270.88,263.0,269.91,12047
2015-07-10,270.05,298.91,263.32,284.0,20136
2015-07-13,304.33,308.44,270.0,282.73,14576
2015-07-14,282.74,292.44,282.44,284.99,7789
2015-07-15,284.99,289.02,282.08,285.0,6971
2015-07-16,285.0,286.95,271.0,274.97,12881
2015-07-17,275.96,279.19,269.3,274.0,10428
2015-07-20,268.66,273.99,264.59,273.0,3951
2015-07-21,272.0,278.13,270.78,273.52,5815
2015-07-22,273.52,274.42,269.11,272.51,5543
2015-07-23,272.51,273.99,268.86,273.15,3532
2015-07-24,273.15,288.68,271.0,284.14,8630
2015-07-27,286.36,288.4,280.5,286.7,5907
2015-07-28,286.7,290.0,284.61,287.7,6259
2015-07-29,287.7,288.58,282.36,284.94,5207
2015-07-30,284.94,285.98,281.56,281.6,5180
2015-07-31,281.6,284.14,276.9,280.41,6019
2015-08-03,279.28,282.7,277.0,279.8,4526
2015-08-04,279.79,282.19,276.89,281.52,4935
2015-08-05,281.53,281.84,276.45,278.5,4385
2015-08-06,278.5,279.12,273.0,273.58,4563
2015-08-07,273.58,275.8,269.12,270.75,5579
2015-08-10,257.8,263.36,256.87,259.75,5627
2015-08-11,259.75,262.71,257.0,262.24,5442
2015-08-12,262.11,269.26,259.84,263.21,7811
2015-08-13,263.21,264.31,257.5,261.27,5959
2015-08-14,261.27,265.0,258.0,263.0,5818
2015-08-17,255.79,258.0,251.94,255.47,5355
2015-08-18,255.47,255.95,240.35,245.0,6207
2015-08-19,245.0,247.63,218.0,218.69,11645
2015-08-20,218.69,234.56,211.05,230.51,10184
2015-08-21,230.51,233.16,225.93,228.5,7140
2015-08-24,221.67,224.03,201.19,208.67,11736
2015-08-25,208.6,222.69,192.55,218.46,17830
2015-08-26,218.41,227.34,216.22,223.81,14483
2015-08-27,223.81,225.16,220.95,223.34,10629
2015-08-28,223.21,230.96,216.18,228.04,12540
2015-08-31,224.12,229.0,222.34,227.52,8510
2015-09-01,227.52,229.32,221.99,224.7,11692
2015-09-02,224.62,227.0,220.75,225.55,11184
2015-09-03,225.97,226.0,222.5,223.84,6431
2015-09-04,224.08,227.0,222.83,226.0,8502
2015-09-07,236.0,241.87,233.52,238.28,9106
2015-09-08,238.69,245.8,237.39,242.83,8384
2015-09-09,242.98,243.37,233.01,236.5,8253
2015-09-10,236.5,239.0,230.56,235.87,8995
2015-09-11,235.87,238.96,235.79,237.01,5326
2015-09-14,227.25,229.94,226.12,228.46,6707
2015-09-15,228.46,229.83,225.99,227.24,5689
2015-09-16,226.7,229.5,224.8,226.57,5208
2015-09-17,226.4,234.59,226.1,232.55,6938
2015-09-18,232.5,234.03,228.48,230.04,5825
2015-09-21,230.14,230.31,225.58,225.86,5639
2015-09-22,225.87,230.48,224.0,227.0,8063
2015-09-23,227.0,230.33,226.44,228.89,6989
2015-09-24,228.88,234.4,228.0,233.56,5725
2015-09-25,233.68,236.0,230.97,232.5,7645
2015-09-28,231.3,237.19,230.82,235.33,7469
2015-09-29,235.32,237.69,234.0,236.64,9365
2015-09-30,236.5,237.0,234.66,234.86,6455
2015-10-01,234.87,237.0,232.41,236.02,7959
2015-10-02,236.0,237.0,234.16,234.26,5403
2015-10-05,236.13,239.45,234.9,238.28,5689
2015-10-06,238.27,245.06,237.0,242.85,9052
2015-10-07,242.91,244.93,242.51,243.32,8617
2015-10-08,243.32,243.66,239.76,241.12,7513
2015-10-09,241.12,242.57,239.39,241.54,5441
2015-10-12,243.5,244.95,241.91,242.36,12326
2015-10-13,242.35,248.04,240.3,245.97,14812
2015-10-14,245.96,252.8,245.0,249.51,15381
2015-10-15,249.51,255.96,249.04,253.99,13026
2015-10-16,253.99,264.57,252.5,258.8,11183
2015-10-19,258.52,262.2,256.88,260.49,8153
2015-10-20,260.49,269.76,260.0,267.5,8884
2015-10-21,267.5,268.95,260.5,263.87,7659
2015-10-22,264.15,272.28,262.23,268.65,7297
2015-10-23,268.65,272.9,267.0,271.49,7369
2015-10-26,280.11,282.17,274.28,278.62,10279
2015-10-27,278.62,292.05,278.0,288.91,10244
2015-10-28,288.92,299.94,286.46,296.57,12424
2015-10-29,296.56,311.9,295.0,303.4,12359
2015-10-30,303.4,321.21,301.5,308.89,17317
2015-11-02,308.9,337.0,304.42,330.02,14945
2015-11-03,330.01,398.52,326.86,366.85,20341
2015-11-04,366.85,459.2,364.0,412.27,26086
2015-11-05,412.27,439.33,363.0,402.86,22400
2015-11-06,402.87,402.95,336.22,360.19,20718
2015-11-09,360.11,375.89,354.1,370.74,11395
2015-11-10,370.14,375.0,333.03,334.23,12274
2015-11-11,334.23,343.25,303.75,306.6,14078
2015-11-12,306.6,339.5,296.0,323.67,14881
2015-11-13,323.67,337.78,321.74,330.25,11355
2015-11-16,315.23,327.77,310.77,327.36,9191
2015-11-17,327.37,333.99,323.78,330.67,10008
2015-11-18,330.67,332.3,326.5,331.88,11784
2015-11-19,331.92,333.25,321.04,324.0,13025
2015-11-20,324.0,324.0,309.0,319.74,14088
2015-11-23,320.83,322.0,318.9,320.04,10367
2015-11-24,320.04,320.07,314.9,318.31,11028
2015-11-25,318.31,328.74,315.35,324.57,12373
2015-11-26,324.57,366.5,324.51,339.05,18489
2015-11-27,339.04,358.88,339.0,352.44,15928
2015-11-30,364.72,379.8,363.69,374.52,16304
2015-12-01,374.55,376.81,353.0,357.88,14659
2015-12-02,357.87,361.08,345.0,355.96,14906
2015-12-03,355.94,364.93,351.76,356.83,13561
2015-12-04,356.84,359.98,352.88,356.6,12314
2015-12-07,388.0,390.68,379.2,386.77,15308
2015-12-08,386.77,393.17,384.0,391.74,15786
2015-12-09,391.7,421.96,390.92,411.52,18179
2015-12-10,411.52,417.09,405.95,414.35,14190
2015-12-11,414.35,445.0,411.98,440.77,15833
2015-12-14,432.67,443.67,423.96,437.4,14152
2015-12-15,437.41,457.6,437.01,456.4,15472
2015-12-16,456.21,459.24,435.56,450.2,16975
2015-12-17,450.25,451.16,440.0,448.95,14987
2015-12-18,448.95,458.76,446.89,456.03,13372
2015-12-21,436.16,440.66,425.33,434.0,16301
2015-12-22,434.0,443.0,433.42,437.42,14165
2015-12-23,437.13,443.59,433.5,442.41,11598
2015-12-24,442.41,456.32,439.99,449.92,13389
2015-12-25,449.99,453.5,445.87,449.57,11534
2015-12-28,421.79,428.43,416.44,420.0,16656
2015-12-29,419.74,433.39,418.5,431.16,14917
2015-12-30,431.16,434.5,422.39,425.81,13850
2015-12-31,425.81,430.0,417.66,429.5,16276
2016-01-01,429.49,430.5,424.7,430.32,14591
2016-01-04,424.94,432.86,424.29,431.99,13628
2016-01-05,431.98,434.15,429.5,431.28,12670
2016-01-06,431.28,431.57,425.97,429.59,11106
2016-01-07,429.59,452.09,428.84,452.05,13540
2016-01-08,452.06,454.98,443.0,448.43,6626
2016-01-11,443.43,447.99,441.59,446.61,15065
2016-01-12,446.61,447.83,443.02,445.01,13631
2016-01-13,445.0,445.65,426.5,427.86,14891
2016-01-14,428.08,434.02,427.5,431.63,13529
2016-01-15,431.63,431.63,384.98,386.95,17951
2016-01-18,387.73,388.1,374.75,384.19,16591
2016-01-19,384.19,387.83,379.0,382.03,15651
2016-01-20,382.03,417.95,375.36,410.67,19979
2016-01-21,410.67,425.51,402.85,407.07,18519
2016-01-22,407.07,413.97,380.0,384.61,15497
2016-01-25,400.58,402.85,390.6,393.86,16232
2016-01-26,393.85,398.77,391.63,395.98,13955
2016-01-27,395.98,398.4,392.3,395.86,16841
2016-01-28,395.87,396.62,381.68,384.95,14357
2016-01-29,384.94,385.21,366.5,378.79,17798
2016-02-01,380.56,382.01,369.97,374.44,17009
2016-02-02,374.44,381.12,374.28,378.0,14186
2016-02-03,378.0,379.5,365.16,369.2,14899
2016-02-04,369.2,391.7,365.94,387.36,17131
2016-02-05,387.36,392.46,386.0,386.4,15296
2016-02-08,378.0,382.0,375.5,376.02,13525
2016-02-09,376.02,380.0,374.09,378.5,14402
2016-02-10,378.3,389.18,376.99,385.16,14742
2016-02-11,385.0,386.96,380.1,381.97,14575
2016-02-12,381.97,391.01,381.83,386.23,16723
2016-02-15,402.8,409.93,397.3,397.72,14505
2016-02-16,397.72,409.49,397.61,405.12,15545
2016-02-17,405.12,421.28,404.05,419.26,16018
2016-02-18,418.97,424.99,413.46,417.9,16302
2016-02-19,417.9,421.21,414.84,418.53,15649
2016-02-22,435.59,438.79,428.15,436.63,15546
2016-02-23,436.64,438.01,413.59,420.89,16872
2016-02-24,420.88,425.1,413.4,422.71,14829
2016-02-25,422.74,427.17,418.59,421.9,14584
2016-02-26,421.94,426.99,419.22,425.35,15740
2016-02-29,431.55,437.76,429.0,433.81,15006
2016-03-01,433.81,437.47,430.01,433.19,15600
2016-03-02,433.19,436.13,430.0,430.05,15539
2016-03-03,430.01,431.01,418.54,422.0,16537
2016-03-04,419.99,425.79,410.1,411.61,15895
2016-03-07,410.57,417.17,404.81,413.99,15683
2016-03-08,414.0,416.0,408.13,413.15,7018
2016-03-09,412.23,417.44,408.96,412.7,7619
2016-03-10,412.74,416.27,410.01,415.76,12317
2016-03-11,415.76,422.0,414.0,417.51,14165
2016-03-14,414.22,416.46,409.81,413.16,14624
2016-03-15,413.15,416.4,410.9,414.86,15910
2016-03-16,414.87,416.66,412.9,415.02,15687
2016-03-17,415.01,418.0,413.5,416.41,14424
2016-03-18,416.41,417.81,404.52,405.45,15721
2016-03-21,412.07,413.34,409.5,411.0,15279
2016-03-22,410.69,415.62,410.0,414.96,16709
2016-03-23,414.96,418.15,412.8,415.96,14216
2016-03-24,415.96,417.24,412.5,415.09,12968
2016-03-25,415.09,416.81,412.51,413.9,15391
2016-03-28,422.13,423.56,417.79,422.12,14607
2016-03-29,422.14,422.36,408.32,412.96,17008
2016-03-30,412.96,416.0,409.55,412.5,13975
2016-03-31,412.5,416.49,410.3,415.32,17200
2016-04-01,415.32,415.7,409.98,413.58,16367
2016-04-04,415.67,417.38,411.95,416.31,16937
2016-04-05,416.31,420.95,415.5,418.5,16429
2016-04-06,418.5,420.31,416.4,417.72,18027
2016-04-07,417.72,418.7,415.1,416.83,14062
2016-04-08,416.83,418.76,414.5,416.7,17707
2016-04-11,417.0,418.4,414.67,417.27,15781
2016-04-12,417.26,421.69,415.91,420.77,16268
2016-04-13,420.78,421.68,416.96,420.19,17271
2016-04-14,419.56,421.16,418.0,420.49,16198
2016-04-15,420.49,427.0,419.92,426.3,14121
2016-04-18,422.7,426.0,419.95,423.69,15155
2016-04-19,423.69,428.0,423.27,426.51,15656
2016-04-20,426.51,437.2,424.59,434.11,17155
2016-04-21,434.11,444.0,434.0,442.85,15662
2016-04-22,442.86,444.29,435.99,436.01,15012
2016-04-25,447.3,457.77,445.0,456.98,17244
2016-04-26,456.98,462.17,450.0,459.0,19631
2016-04-27,458.95,461.66,445.1,448.2,19158
2016-04-28,448.2,448.2,435.91,440.78,18577
2016-04-29,440.78,451.0,439.54,449.61,18003
2016-05-02,449.0,450.2,440.1,443.4,22036
2016-05-03,443.4,448.0,439.86,445.02,18494
2016-05-04,445.02,448.74,441.26,442.71,17369
2016-05-05,442.71,445.5,441.05,443.63,17684
2016-05-06,443.63,453.88,442.41,453.75,16751
2016-05-09,452.0,457.95,450.22,454.22,16233
2016-05-10,453.96,457.32,446.29,450.46,16717
2016-05-11,450.45,453.39,447.5,449.02,15079
2016-05-12,449.02,453.0,448.0,449.8,17883
2016-05-13,449.8,454.96,448.86,452.25,15930
2016-05-16,455.95,459.0,451.13,451.5,15680
2016-05-17,451.5,454.92,451.01,452.42,15910
2016-05-18,452.42,456.63,451.12,454.2,15651
2016-05-19,454.11,455.0,443.0,443.43,15979
2016-05-20,443.43,445.3,434.86,439.02,16831
2016-05-23,438.9,445.0,437.9,444.17,13795
2016-05-24,444.17,448.99,443.08,446.31,14246
2016-05-25,446.5,450.78,445.7,448.56,15114
2016-05-26,448.56,452.9,447.0,449.5,15975
2016-05-27,449.7,473.27,449.0,468.0,21856
2016-05-30,520.6,535.43,503.3,526.5,18874
2016-05-31,526.5,538.0,508.11,512.51,17637
2016-06-01,512.51,527.6,511.2,524.18,17841
2016-06-02,524.18,528.9,517.0,525.7,17680
2016-06-03,525.5,554.88,524.13,553.18,15924
2016-06-06,562.52,578.9,558.01,573.01,16787
2016-06-07,573.01,583.79,553.26,563.62,16835
2016-06-08,563.62,571.99,561.01,568.23,16571
2016-06-09,568.23,572.28,559.03,560.3,15445
2016-06-10,560.3,568.2,559.0,566.8,15081
2016-06-13,632.04,689.99,620.0,667.66,16844
2016-06-14,667.66,686.43,638.0,672.8,18667
2016-06-15,672.8,678.2,650.0,670.02,18312
2016-06-16,670.01,733.24,663.66,729.79,19828
2016-06-17,729.79,740.0,680.0,726.2,21407
2016-06-20,726.52,734.52,700.37,709.95,19081
2016-06-21,709.95,712.63,613.87,628.1,20396
2016-06-22,628.1,666.39,590.18,593.84,24233
2016-06-23,590.11,604.88,522.42,589.46,28591
2016-06-24,589.45,668.5,584.66,629.89,21418
2016-06-27,611.05,629.99,600.4,627.75,20482
2016-06-28,627.75,640.0,622.68,627.8,18227
2016-06-29,627.8,631.8,604.9,624.7,17458
2016-06-30,624.7,662.58,618.0,648.5,18083
2016-07-01,648.5,674.0,648.18,660.4,19412
2016-07-04,649.0,665.68,641.46,655.42,19483
2016-07-05,655.24,664.0,645.5,652.6,20413
2016-07-06,652.6,662.4,649.8,659.07,19693
2016-07-07,659.46,659.99,600.0,605.8,19978
2016-07-08,605.81,642.16,589.58,639.67,20748
2016-07-11,630.46,644.0,630.02,638.16,19081
2016-07-12,638.16,659.0,635.0,655.0,17481
2016-07-13,655.0,659.0,645.74,651.0,16577
2016-07-14,651.0,652.1,642.99,647.0,16914
2016-07-15,647.0,655.0,644.24,653.2,17488
2016-07-18,665.13,668.5,656.15,657.36,18882
2016-07-19,657.36,663.7,655.15,660.9,16837
2016-07-20,660.7,663.45,652.89,653.42,16721
2016-07-21,653.42,661.0,650.99,657.7,15671
2016-07-22,657.7,660.23,646.0,650.55,11629
2016-07-25,653.2,655.28,645.49,646.02,12014
2016-07-26,646.03,652.01,641.01,649.01,19842
2016-07-27,649.01,653.0,643.0,647.98,18949
2016-07-28,647.98,650.47,642.22,649.13,18216
2016-07-29,649.13,650.0,645.61,647.0,18260
2016-08-01,627.3,628.2,608.13,610.8,18113
2016-08-02,610.8,614.89,563.0,563.0,15668
2016-08-03,563.01,569.99,471.1,565.63,15777
2016-08-04,566.79,578.57,562.61,571.0,19705
2016-08-05,571.0,576.9,564.38,571.95,19516
2016-08-08,588.38,590.5,583.83,585.74,15177
2016-08-09,585.74,585.95,578.23,581.38,13636
2016-08-10,581.2,595.4,580.02,589.41,19350
2016-08-11,589.38,593.51,583.9,588.9,19891
2016-08-12,588.9,588.94,579.09,583.73,16429
2016-08-15,564.64,570.87,558.68,565.06,20921
2016-08-16,565.07,581.48,561.53,576.23,22959
2016-08-17,576.24,579.5,567.24,569.24,19859
2016-08-18,569.23,576.37,567.45,572.54,23650
2016-08-19,572.55,574.88,566.14,573.5,20140
2016-08-22,577.96,596.28,576.0,587.29,14728
2016-08-23,586.0,591.5,577.96,581.0,10150
2016-08-24,581.0,582.05,576.3,576.85,16224
2016-08-25,576.85,578.91,570.29,573.42,14570
2016-08-26,573.42,580.73,573.0,575.98,22561
2016-08-29,571.4,578.57,571.1,576.2,14820
2016-08-30,576.2,580.73,573.04,578.4,17075
2016-08-31,578.4,579.99,574.81,576.72,20533
2016-09-01,576.73,580.19,573.3,574.7,17635
2016-09-02,574.68,577.56,570.14,576.97,17461
2016-09-05,603.42,608.84,597.81,605.0,5594
2016-09-06,605.0,609.77,602.0,606.13,4135
2016-09-07,606.33,610.88,603.89,608.1,3009
2016-09-08,607.63,626.77,606.06,622.51,4634
2016-09-09,622.51,624.34,616.95,619.85,5202
2016-09-12,597.4,610.12,596.0,608.79,5018
2016-09-13,608.8,613.37,604.12,610.9,3038
2016-09-14,608.5,611.97,603.89,607.11,3371
2016-09-15,607.0,610.9,605.89,608.0,9576
2016-09-16,608.0,610.35,606.53,607.6,15394
2016-09-19,608.8,614.0,608.5,611.89,19723
2016-09-20,611.89,612.29,607.89,610.0,15330
2016-09-21,609.88,611.0,595.13,598.59,18977
2016-09-22,598.6,601.9,590.0,597.0,19300
2016-09-23,597.0,605.25,590.75,603.12,21302
2016-09-26,602.53,609.82,600.95,606.71,15236
2016-09-27,606.71,610.89,602.89,605.56,14536
2016-09-28,606.0,608.4,602.51,604.02,15263
2016-09-29,604.02,606.54,600.73,605.5,18973
2016-09-30,605.5,605.97,598.97,603.06,19356
2016-10-03,609.3,611.0,605.0,608.82,19945
2016-10-04,608.82,611.0,605.71,606.59,15729
2016-10-05,606.59,611.63,606.51,608.17,16426
2016-10-06,608.17,611.0,606.23,608.8,12849
2016-10-07,608.8,616.35,608.75,614.0,18891
2016-10-10,614.9,619.2,612.0,615.34,18357
2016-10-11,615.34,642.03,614.01,635.31,15450
2016-10-12,635.3,641.08,630.0,630.43,16151
2016-10-13,630.43,637.45,630.01,633.5,23604
2016-10-14,633.5,637.99,632.48,634.12,20429
2016-10-17,638.26,639.99,634.5,638.2,16959
2016-10-18,638.2,639.92,632.59,633.0,16376
2016-10-19,633.0,635.0,622.5,627.97,19609
2016-10-20,627.98,631.8,626.02,628.89,35455
2016-10-21,628.89,634.14,626.62,630.93,37372
2016-10-24,651.56,654.5,648.0,651.77,32624
2016-10-25,651.77,659.89,650.0,658.22,38653
2016-10-26,658.22,678.0,653.5,675.42,36654
2016-10-27,675.42,686.9,672.0,675.3,42432
2016-10-28,675.3,683.9,672.0,682.49,36402
2016-10-31,693.0,699.04,678.01,698.0,41864
2016-11-01,698.0,724.45,689.1,716.66,37907
2016-11-02,716.71,721.9,710.12,720.1,39224
2016-11-03,720.1,730.0,684.6,691.6,47762
2016-11-04,691.61,704.01,678.45,690.62,50214
2016-11-07,700.0,702.89,690.0,692.59,31481
2016-11-08,692.59,706.83,688.44,699.41,29535
2016-11-09,699.41,717.77,695.74,708.98,12892
2016-11-10,708.98,714.95,700.01,706.4,22301
2016-11-11,706.39,714.0,704.25,707.01,25791
2016-11-14,697.13,703.06,692.9,697.78,25150
2016-11-15,697.44,709.99,696.85,702.38,33869
2016-11-16,702.38,732.47,700.55,729.54,27149
2016-11-17,729.54,738.0,724.08,730.0,21997
2016-11-18,730.0,741.0,724.49,735.62,28702
2016-11-21,726.0,739.94,722.68,736.03,22495
2016-11-22,736.03,745.0,732.7,739.51,28668
2016-11-23,739.5,744.5,735.1,740.41,31111
2016-11-24,740.41,743.99,735.1,736.3,31350
2016-11-25,736.3,739.0,732.0,737.62,30700
2016-11-28,731.2,735.01,726.12,732.88,26841
2016-11-29,732.88,735.91,727.76,731.0,27485
2016-11-30,731.0,738.48,730.0,735.0,26377
2016-12-01,735.0,744.9,734.0,743.56,22014
2016-12-02,743.56,773.0,740.75,765.08,32956
2016-12-05,761.5,767.59,743.0,752.68,33735
2016-12-06,753.35,756.99,746.36,751.22,38985
2016-12-07,751.0,762.41,749.71,760.0,33753
2016-12-08,760.0,769.0,755.01,762.12,31404
2016-12-09,762.12,765.55,757.73,760.0,23753
2016-12-12,759.34,775.0,757.7,768.8,23595
2016-12-13,768.8,776.69,762.03,769.75,28764
2016-12-14,769.75,771.88,764.0,770.2,39936
2016-12-15,770.2,773.37,768.1,773.04,21054
2016-12-16,773.04,774.99,770.0,771.19,21212
2016-12-19,778.63,783.6,775.4,777.31,20556
2016-12-20,777.31,784.8,777.0,782.9,18952
2016-12-21,782.9,825.7,782.0,812.97,22441
2016-12-22,812.98,856.02,812.24,847.51,19052
2016-12-23,847.5,890.15,839.82,883.27,22456
2016-12-26,866.77,892.01,865.95,870.4,18073
2016-12-27,870.4,915.2,865.95,905.52,20634
2016-12-28,905.52,945.72,901.0,934.44,22021
2016-12-29,934.44,944.89,925.01,935.07,21382
2016-12-30,935.06,940.0,906.93,926.94,30768
2017-01-02,964.99,997.51,955.61,983.68,53392
2017-01-03,983.68,995.02,973.01,984.5,43670
2017-01-04,984.5,1095.78,982.21,1068.8,24877
2017-01-05,1069.49,1094.79,868.03,940.89,20160
2017-01-06,940.89,987.2,823.99,855.9,20946
2017-01-09,868.62,872.0,840.0,860.5,21503
2017-01-10,860.48,878.8,859.1,873.93,19333
2017-01-11,873.93,884.81,753.01,776.5,20290
2017-01-12,776.5,815.9,752.0,811.8,39328
2017-01-13,811.8,821.95,763.2,811.0,43389
2017-01-16,825.4,829.2,824.8,827.4,548
2017-01-17,827.3,906.0,824.5,895.2,5954
2017-01-18,895.1,913.3,849.4,871.4,5648
2017-01-19,871.7,907.5,871.7,905.2,4948
2017-01-20,905.0,905.9,878.0,894.1,3268
2017-01-23,907.43,914.99,899.99,912.0,20412
2017-01-24,901.0,906.9,894.1,894.8,1790
2017-01-25,894.9,901.1,879.8,890.6,4174
2017-01-26,890.7,916.7,890.0,910.7,3973
2017-01-27,910.8,921.9,905.9,917.6,3430
2017-01-30,910.8,919.4,907.6,918.4,2198
2017-01-31,918.3,959.9,915.1,955.1,3767
2017-02-01,955.2,975.0,955.2,974.3,5009
2017-02-02,974.0,1008.7,970.7,1007.9,4963
2017-02-03,1008.3,1019.7,986.3,1009.1,5777
2017-02-06,1007.8,1029.1,1003.3,1022.7,4277
2017-02-07,1022.8,1053.6,1019.0,1049.0,4444
2017-02-08,1047.8,1067.5,1022.5,1056.0,6144
2017-02-09,1056.1,1071.8,931.6,968.3,7947
2017-02-10,968.1,1008.2,948.4,998.3,9137
2017-02-13,997.6,1005.0,973.2,996.7,4408
2017-02-14,995.7,1016.1,985.7,1007.1,4081
2017-02-15,1007.4,1009.8,998.5,1009.8,3205
2017-02-16,1009.5,1040.1,1006.8,1031.5,5410
2017-02-17,1031.6,1060.8,1027.4,1055.8,7465
2017-02-20,1048.2,1061.8,1041.9,1056.8,3371
2017-02-21,1057.2,1116.0,1057.1,1112.4,5839
2017-02-22,1111.7,1139.9,1096.3,1126.6,7179
2017-02-23,1126.7,1134.7,1125.3,1127.8,812
2017-02-24,1185.5,1217.7,1089.8,1173.6,7057
2017-02-27,1174.2,1193.7,1169.3,1190.6,4192
2017-02-28,1190.7,1207.5,1173.8,1193.2,7082
2017-03-01,1193.5,1228.0,1186.0,1220.7,7131
2017-03-02,1220.8,1278.8,1212.6,1251.2,6834
2017-03-03,1250.7,1291.5,1244.7,1275.2,8260
2017-03-06,1265.2,1282.0,1250.9,1273.2,3811
2017-03-07,1273.3,1277.7,1173.7,1243.0,6670
2017-03-08,1243.1,1243.1,1152.2,1158.4,7600
2017-03-09,1158.5,1204.1,1132.0,1193.8,7299
2017-03-10,1193.9,1343.4,972.5,1101.6,7307
2017-03-13,1217.0,1246.0,1212.7,1241.5,5495
2017-03-14,1241.8,1256.5,1224.2,1247.4,4939
2017-03-15,1247.5,1256.7,1236.4,1248.2,5458
2017-03-16,1248.6,1257.0,1145.8,1153.8,7148
2017-03-17,1154.6,1184.9,1076.2,1108.6,9750
2017-03-20,1050.7,1052.1,1003.8,1023.9,7126
2017-03-21,1023.8,1114.2,1023.8,1106.0,5964
2017-03-22,1128.1,1147.0,1038.0,1058.0,23053
2017-03-23,1058.0,1084.38,1051.0,1062.8,20282
2017-03-24,1062.8,1062.8,980.48,985.43,22643
2017-03-27,1015.7,1028.5,1005.8,1021.1,2606
2017-03-28,1020.8,1065.3,1011.8,1024.9,8090
2017-03-29,1025.0,1055.7,1005.9,1033.8,8230
2017-03-30,1034.0,1047.1,1016.9,1027.1,6382
2017-03-31,1040.1,1078.0,1035.0,1063.3,4657
2017-04-03,1088.2,1144.0,1073.1,1143.8,10516
2017-04-04,1143.2,1160.1,1116.8,1134.3,10748
2017-04-05,1134.2,1141.9,1108.6,1125.9,9670
2017-04-06,1125.7,1190.2,1119.5,1190.2,9480
2017-04-07,1192.2,1198.9,1173.4,1191.8,9309
2017-04-10,1208.6,1215.93,1192.26,1199.53,14861
2017-04-11,1199.43,1225.46,1196.32,1216.33,93341
2017-04-12,1216.37,1223.39,1205.51,1211.62,105110
2017-04-13,1211.64,1216.97,1138.03,1165.74,185202
2017-04-14,1164.12,1190.06,1139.89,1163.08,226840
2017-04-15,1163.08,1163.08,1163.08,1163.08,1
2017-04-17,1167.55,1189.25,1158.01,1184.76,105918
2017-04-18,1183.46,1207.19,1171.9,1194.71,99078
2017-04-19,1195.32,1207.47,1187.55,1199.68,89840
2017-04-20,1199.77,1240.33,1187.92,1235.11,102137
2017-04-21,1235.25,1249.3,1225.67,1238.84,109202
2017-04-24,1236.97,1250.82,1231.46,1248.86,83115
2017-04-25,1248.58,1276.98,1248.17,1271.43,112130
2017-04-26,1271.49,1312.38,1266.06,1286.5,148317
2017-04-27,1285.15,1338.91,1281.54,1338.03,98199
2017-04-28,1338.05,1344.51,1295.85,1302.42,175508
2017-05-01,1339.73,1421.99,1338.37,1414.09,234923
2017-05-02,1414.1,1477.0,1385.24,1426.46,238494
2017-05-03,1426.85,1507.27,1425.55,1507.27,223933
2017-05-04,1507.8,1620.01,1478.0,1478.98,327437
2017-05-05,1468.57,1606.33,1441.95,1511.34,455031
2017-05-08,1524.92,1626.49,1522.27,1621.66,425728
2017-05-09,1621.74,1757.39,1611.99,1698.3,384940
2017-05-10,1698.99,1790.99,1665.46,1760.57,250110
2017-05-11,1759.58,1889.64,1742.03,1803.05,313474
2017-05-12,1803.08,1832.96,1647.01,1688.95,383888
2017-05-13,1688.95,1688.95,1688.95,1688.95,1
2017-05-15,1778.28,1782.02,1680.08,1696.42,396748
2017-05-16,1696.41,1746.78,1638.61,1723.28,367450
2017-05-17,1723.04,1834.5,1667.97,1780.88,531125
2017-05-18,1780.83,1874.55,1760.26,1865.8,342945
2017-05-19,1865.83,1949.97,1863.89,1932.09,301413
2017-05-20,1932.09,1932.09,1932.09,1932.09,1
2017-05-22,2181.36,2224.92,2093.69,2122.06,146631
2017-05-23,2121.71,2261.76,1997.3,2218.43,580242
2017-05-24,2216.99,2475.96,2214.53,2446.77,572357
2017-05-25,2447.28,2754.73,2263.26,2408.26,1257463
2017-05-26,2408.55,2593.96,2056.56,2278.52,1442531
2017-05-28,2278.52,2278.52,2278.52,2278.52,2
2017-05-29,2101.29,2324.49,2101.27,2315.6,505674
2017-05-30,2315.99,2345.07,2209.82,2272.56,610466
2017-05-31,2271.9,2328.99,2152.97,2287.36,649249
2017-06-01,2284.72,2451.28,2267.36,2401.09,559721
2017-06-02,2401.15,2449.97,2355.35,2434.67,385373
2017-06-03,2434.67,2434.67,2434.67,2434.67,3
2017-06-05,2504.84,2653.65,2496.01,2650.27,349395
2017-06-06,2650.29,2927.99,2640.63,2866.51,864727
2017-06-07,2865.96,2888.68,2726.4,2729.36,566686
2017-06-08,2731.72,2805.0,2608.63,2746.17,612965
2017-06-09,2746.19,2863.23,2746.18,2822.1,389266
2017-06-10,2822.1,2822.1,2822.1,2822.1,1
2017-06-12,2925.62,2974.99,2475.52,2610.59,914192
2017-06-13,2614.4,2778.07,2604.38,2690.39,721711
2017-06-14,2690.71,2795.5,2486.63,2536.05,825926
2017-06-15,2536.43,2539.96,2115.49,2344.22,1279030
2017-06-16,2344.25,2532.9,2302.61,2487.53,734533
2017-06-17,2487.53,2487.53,2487.53,2487.53,1
2017-06-19,2469.82,2590.73,2456.01,2574.09,530865
2017-06-20,2574.07,2776.68,2559.99,2764.71,551824
2017-06-21,2765.64,2783.98,2629.54,2674.25,749339
2017-06-22,2673.25,2734.98,2589.62,2684.21,705060
2017-06-23,2684.02,2739.58,2672.62,2716.53,406342
2017-06-24,2716.53,2716.53,2716.53,2716.53,1
2017-06-26,2488.86,2545.02,2312.05,2367.44,859455
2017-06-27,2359.92,2477.98,2286.43,2461.69,806283
2017-06-28,2459.63,2586.41,2427.01,2578.57,606758
2017-06-29,2576.74,2589.48,2497.74,2553.99,507001
2017-06-30,2551.13,2564.99,2499.49,2513.82,441041
2017-07-01,2513.82,2513.82,2513.82,2513.82,1
2017-07-03,2485.29,2588.05,2467.68,2551.59,449587
2017-07-04,2551.68,2634.26,2534.92,2565.59,420825
2017-07-05,2567.3,2615.51,2525.86,2600.23,307130
2017-07-06,2599.92,2617.5,2535.29,2593.98,268697
2017-07-07,2593.99,2606.99,2481.01,2513.59,382085
2017-07-08,2513.59,2513.59,2513.59,2513.59,3
2017-07-10,2525.07,2535.18,2344.5,2374.08,441083
2017-07-11,2374.12,2393.44,2239.71,2325.77,730730
2017-07-12,2325.78,2402.42,2234.76,2372.61,583429
2017-07-13,2373.78,2420.48,2308.47,2334.0,373654
2017-07-14,2333.49,2352.42,2143.73,2146.94,416212
2017-07-15,2146.94,2146.94,2146.94,2146.94,3
2017-07-17,1872.16,2176.73,1846.9,2161.86,705777
2017-07-18,2161.8,2386.76,2136.33,2347.12,797365
2017-07-19,2347.03,2397.51,2218.01,2254.03,741709
2017-07-20,2253.23,2726.0,2233.78,2726.0,816336
2017-07-21,2727.8,2931.35,2607.67,2631.57,1308918
2017-07-22,2631.57,2631.57,2631.57,2631.57,1
2017-07-24,2778.21,2795.0,2696.01,2752.88,519288
2017-07-25,2749.86,2770.43,2445.01,2478.86,886756
2017-07-26,2475.51,2603.21,2396.0,2495.9,1136876
2017-07-27,2496.28,2594.02,2445.7,2577.48,640675
2017-07-28,2576.13,2818.98,2574.22,2747.52,693299
2017-07-30,2747.52,2747.52,2747.52,2747.52,2
2017-07-31,2704.63,2879.69,2675.51,2879.69,555989
2017-08-01,2880.06,2924.06,2610.01,2730.5,984906
2017-08-02,2728.1,2755.3,2665.01,2680.98,576733
2017-08-03,2680.61,2801.94,2659.45,2777.01,274398
2017-08-04,2779.0,2872.77,2760.67,2832.56,418436
2017-08-05,2832.56,2832.56,2832.56,2832.56,4
2017-08-07,3247.46,3424.85,3181.5,3341.56,753268
2017-08-08,3340.87,3484.0,3307.0,3438.52,729368
2017-08-09,3438.53,3457.5,3186.0,3354.21,813064
2017-08-10,3353.5,3442.98,3288.5,3413.68,618795
2017-08-11,3418.56,3566.79,3389.52,3563.12,675589
2017-08-12,3563.12,3563.12,3563.12,3563.12,1
2017-08-14,3991.47,4322.95,3959.98,4251.7,1023812
2017-08-15,4252.72,4394.99,3803.16,4065.0,1518131
2017-08-16,4065.61,4354.9,3922.92,4335.39,1186373
2017-08-17,4337.49,4471.03,4163.76,4316.42,1318262
2017-08-18,4316.43,4360.73,3992.89,4002.11,1191107
2017-08-19,4002.11,4002.11,4002.11,4002.11,2
2017-08-21,4063.57,4106.97,3945.02,3990.68,920787
2017-08-22,3990.84,4133.21,3595.5,4065.53,1387357
2017-08-23,4065.59,4242.73,4007.1,4112.78,1288754
2017-08-24,4112.79,4240.62,4056.63,4221.08,950536
2017-08-25,4221.02,4443.92,4193.61,4317.22,919481
2017-08-26,4317.22,4317.22,4317.22,4317.22,1
2017-08-28,4342.91,4347.67,4163.5,4327.72,543629
2017-08-29,4327.76,4642.64,4327.76,4585.51,802131
2017-08-30,4589.51,4636.19,4472.03,4563.14,828397
2017-08-31,4563.17,4759.21,4547.48,4730.76,705509
2017-09-01,4730.77,4924.93,4665.1,4865.43,945941
2017-09-02,4865.42,4865.42,4865.42,4865.42,3
2017-09-04,4519.27,4618.71,4057.01,4263.21,1751510
2017-09-05,4251.85,4443.23,3995.94,4413.73,1894337
2017-09-06,4410.13,4642.8,4351.71,4546.41,1343515
2017-09-07,4546.26,4668.18,4469.38,4561.92,967195
2017-09-08,4561.75,4673.96,4139.24,4225.61,1287353
2017-09-09,4225.61,4225.61,4225.61,4225.61,2
2017-09-11,4253.44,4341.57,4091.01,4177.72,1251076
2017-09-12,4177.63,4369.38,4072.51,4168.76,1072276
2017-09-13,4167.01,4197.02,3714.8,3886.0,1531260
2017-09-14,3882.76,3942.48,3244.15,3380.22,1828002
2017-09-15,3386.28,3764.9,2966.0,3711.54,2745157
2017-09-16,3711.54,3711.54,3711.54,3711.54,1
2017-09-18,3686.69,4092.5,3638.81,3999.43,1324070
2017-09-19,3998.71,4115.11,3840.86,3891.04,1187778
2017-09-20,3904.83,4042.0,3813.07,3949.2,954312
2017-09-21,3947.94,3959.0,3565.68,3642.83,1081815
2017-09-22,3635.89,3754.35,3506.52,3605.05,1259806
2017-09-23,3605.05,3605.05,3605.05,3605.05,3
2017-09-25,3661.41,3959.32,3650.89,3920.3,846306
2017-09-26,3920.09,3961.98,3843.31,3899.06,684978
2017-09-27,3900.79,4180.51,3862.84,4144.85,824034
2017-09-28,4144.86,4262.41,4116.51,4159.09,756139
2017-09-29,4164.11,4219.42,4015.12,4171.1,881371
2017-09-30,4171.1,4171.1,4171.1,4171.1,1
2017-10-02,4307.98,4445.5,4298.18,4380.83,716227
2017-10-03,4378.79,4417.57,4211.83,4277.08,894884
2017-10-04,4276.19,4335.39,4162.58,4190.76,711695
2017-10-05,4190.9,4348.55,4130.47,4343.67,659609
2017-10-06,4343.66,4414.64,4271.7,4325.68,687950
2017-10-07,4325.68,4325.68,4325.68,4325.68,2
2017-10-09,4564.57,4855.61,4534.35,4827.02,926732
2017-10-10,4825.97,4902.47,4732.64,4856.16,838040
2017-10-11,4856.17,4862.39,4692.56,4816.52,902278
2017-10-12,4816.51,5380.0,4781.55,5296.72,1263264
2017-10-13,5297.71,5838.93,5258.39,5600.35,1850212
2017-10-14,5600.35,5600.35,5600.35,5600.35,1
2017-10-16,5495.49,5739.99,5477.67,5669.03,1167351
2017-10-17,5670.55,5798.67,5501.15,5563.04,1031202
2017-10-18,5563.75,5591.5,5097.0,5503.4,1306517
2017-10-19,5510.18,5727.5,5478.54,5689.89,1227985
2017-10-20,5697.03,6065.37,5582.61,5953.72,1178883
2017-10-21,5953.72,5953.72,5953.72,5953.72,1
2017-10-23,5850.83,6036.5,5616.38,5902.86,1448870
2017-10-24,5902.9,5926.88,5527.17,5587.42,1752800
2017-10-25,5575.59,5692.08,5358.53,5669.8,1515544
2017-10-26,5669.66,5980.06,5631.4,5837.78,1173764
2017-10-27,5840.96,5986.56,5673.51,5738.33,1357687
2017-10-28,5738.33,5738.33,5738.33,5738.33,2
2017-10-30,6177.82,6222.19,6016.76,6089.75,1393550
2017-10-31,6091.12,6410.1,6067.51,6357.25,1061708
2017-11-01,6357.28,6615.31,6334.42,6557.32,1152856
2017-11-02,6557.32,7345.55,6551.07,7034.1,2436333
2017-11-03,7034.1,7470.5,6915.32,7217.57,2076343
2017-11-04,7217.57,7217.57,7217.57,7217.57,1
2017-11-06,7217.57,7411.39,6925.06,7120.99,2351360
2017-11-07,7120.99,7234.2,6912.54,7057.14,1892429
2017-11-08,7057.14,7878.0,7031.73,7249.63,2245373
2017-11-09,7249.63,7485.6,7051.35,7114.98,2290283
2017-11-10,7114.98,7332.8,6419.45,6591.0,2368893
2017-11-11,6591.0,6591.0,6591.0,6591.0,1
2017-11-13,6591.0,6765.74,5636.84,6468.33,3287313
2017-11-14,6468.33,6738.38,6416.58,6593.71,2066558
2017-11-15,6593.71,7340.0,6531.46,7290.02,1915840
2017-11-16,7290.02,7884.95,7110.93,7876.44,2187927
2017-11-17,7876.44,7987.0,7522.82,7706.2,2427227
2017-11-18,7706.2,7706.2,7706.2,7706.2,1
2017-11-20,8010.42,8257.95,7890.01,8238.01,1125472
2017-11-21,8237.26,8344.41,7762.5,8120.83,1619090
2017-11-22,8120.81,8299.96,7925.59,8200.12,1544483
2017-11-23,8203.54,8273.99,8060.9,8151.41,1308696
2017-11-24,8151.41,8329.7,7866.49,8229.3,1623033
2017-11-25,8229.3,8229.3,8229.3,8229.3,1
2017-11-27,9213.85,9710.83,9178.94,9621.91,2123343
2017-11-28,9621.71,9955.67,9550.06,9928.15,1880670
2017-11-29,9928.13,11372.5,9235.0,10179.99,3775719
2017-11-30,10179.99,10661.12,8980.01,9680.83,6808556
2017-12-01,9655.83,10929.49,9351.18,10882.23,5051041
2017-12-03,10882.23,10882.23,10882.23,10882.23,1
2017-12-04,10885.24,11572.83,10505.96,11443.02,4621945
2017-12-05,11418.02,11829.98,11351.46,11741.85,3312770
2017-12-06,11716.85,13179.49,11615.52,13179.49,3777632
2017-12-07,13154.48,15973.49,13084.78,15645.51,8205487
2017-12-08,15610.51,16635.71,13686.71,15579.51,12437251
2017-12-09,15544.51,15579.51,15544.51,15579.51,2
2017-12-11,14097.5,17237.74,14095.0,16930.46,7852634
2017-12-12,16930.47,17397.51,15907.73,16999.49,8397476
2017-12-13,16999.49,17170.0,15467.7,16449.96,7527183
2017-12-14,16449.97,16795.0,15800.18,16277.18,8774750
2017-12-15,16242.18,17901.99,16181.86,17364.11,6739688
2017-12-16,17364.11,17364.11,17364.11,17364.11,1
2017-12-18,17329.11,19269.89,17329.11,18665.0,7599243
2017-12-19,18630.0,19083.01,16810.63,17053.79,7113599
2017-12-20,17053.79,17923.14,15789.31,16230.0,10533291
2017-12-21,16231.07,17260.0,14985.0,15695.11,10624720
2017-12-22,15695.11,15830.03,11139.93,14165.02,15189711
2017-12-26,13754.76,16419.42,13586.0,15841.02,8225552
2017-12-27,15841.03,16460.51,14464.0,15081.14,9134981
2017-12-28,15130.0,15463.2,13480.0,13890.0,10074958
2017-12-29,13881.0,15076.39,13846.82,14255.57,8177885
2017-12-30,14270.01,14639.36,12030.0,12958.12,11971627
2017-12-31,12958.13,14091.28,12958.13,13957.48,281171
2018-01-02,13480.75,16419.42,12890.58,14747.64,7146625
2018-01-03,14747.66,15375.0,14526.38,15007.0,6645256
2018-01-04,15007.05,15409.11,14171.0,14873.34,7531118
2018-01-05,14865.0,16887.97,14790.0,16682.0,6599034
2018-01-06,16682.0,17069.99,16200.0,16823.0,4761895
2018-01-07,16823.0,16946.99,16119.93,16127.9,235082
2018-01-08,16127.96,16480.0,13885.0,14918.37,6938579
2018-01-09,14962.3,15347.08,14112.22,14490.13,7479474
2018-01-10,14490.14,14679.99,13392.0,14491.0,7683484
2018-01-11,14471.36,14951.4,12819.05,13444.1,8783794
2018-01-12,13444.1,14130.0,12787.27,13743.0,6586500
2018-01-13,13743.0,14549.08,13548.64,14150.41,4139871
2018-01-14,14150.41,14150.41,13370.0,13370.01,227403
2018-01-15,13370.01,14362.01,13370.0,13919.58,3977738
2018-01-16,13919.58,13931.79,10395.0,10733.3,8998085
2018-01-17,10752.08,11771.49,9213.16,11335.01,9434761
2018-01-18,11335.01,12117.01,10673.0,11585.0,8346992
2018-01-19,11585.0,12030.0,11005.18,11330.0,6767444
2018-01-20,11330.01,13026.85,11230.0,12883.01,4914427
2018-01-21,12883.01,12915.53,12838.0,12844.84,20003
2018-01-22,11329.73,11881.0,10008.42,10330.0,6337721
2018-01-23,10330.0,11380.01,9907.54,10960.44,6999112
2018-01-24,10960.59,11479.99,10468.13,11213.84,5070615
2018-01-25,11213.84,11716.4,10849.09,11225.73,4706527
2018-01-26,11225.8,11610.0,10243.18,10898.0,4364150
2018-01-27,10898.0,11609.41,10760.18,11533.38,3774195
2018-01-28,11533.4,11969.1,11312.3,11771.51,4030329
2018-01-29,11771.51,11799.82,11008.01,11180.01,3211982
2018-01-30,11180.01,11202.8,9725.0,10062.0,4603720
2018-01-31,10062.0,10303.8,9491.01,9941.81,4979365
2018-02-01,9941.81,10159.99,8435.0,9066.59,4857561
2018-02-02,9070.0,9106.54,7605.26,8546.22,6454627
2018-02-03,8541.81,9463.31,8253.36,9125.85,3199601
2018-02-04,9125.91,9330.0,7805.0,8050.68,4491877
2018-02-05,8050.72,8379.9,6580.0,7072.0,6171176
2018-02-06,7072.01,8122.3,5900.72,7770.01,7875057
2018-02-07,7779.01,8628.93,7196.0,8060.0,6051092
2018-02-08,8060.0,8615.1,7523.27,8140.72,4486208
2018-02-09,8140.72,8740.0,7733.32,8520.21,3907244
2018-02-10,8520.21,9070.79,8150.71,8253.76,3671090
2018-02-11,8251.01,8569.09,7798.0,8273.03,3601963
2018-02-12,8273.03,8895.19,8006.0,8803.5,3429476
2018-02-13,8803.6,8972.9,8340.1,8522.38,3113839
2018-02-14,8522.39,9359.99,8441.38,9270.14,2735972
2018-02-15,9267.91,10211.93,9205.46,9848.25,3803386
2018-02-16,9848.27,10278.19,9687.32,10062.33,3146980
2018-02-17,10062.33,10852.58,10022.03,10843.0,2805707
2018-02-18,10843.0,11279.99,10142.73,10780.76,1884765
2018-02-19,10778.87,11238.0,10312.17,11044.02,3869867
2018-02-20,11044.02,11722.92,11020.0,11680.02,3327069
2018-02-21,11680.02,11759.99,10236.89,10282.57,4705920
2018-02-22,10282.57,10912.43,9711.2,9913.5,4073503
2018-02-23,9913.5,10381.31,9580.0,9900.64,3745587
2018-02-24,9900.64,10520.53,9352.0,9490.0,3282709
2018-02-25,9490.0,9859.97,9255.42,9578.12,3132036
2018-02-26,9578.12,10440.02,9356.34,10358.52,2828350
2018-02-27,10358.52,10830.0,10130.0,10724.6,2637647
2018-02-28,10724.6,11044.64,10343.49,10513.04,2997202
2018-03-01,10513.04,11063.0,10203.41,10909.91,2880045
2018-03-02,10912.47,11154.97,10754.1,11006.93,2897635
2018-03-03,11006.93,11481.0,10915.73,11263.04,2039154
2018-03-04,11263.14,11458.7,11035.99,11384.12,1948476
2018-03-05,11384.12,11667.57,11250.0,11538.85,1895941
2018-03-06,11538.53,11601.99,10542.84,10770.0,2482165
2018-03-07,10770.0,10890.0,9435.0,9921.5,3576546
2018-03-08,9921.5,10111.99,9058.95,9298.99,4174971
2018-03-09,9298.99,9387.55,8347.0,8961.78,5164962
2018-03-10,8961.78,9493.0,8748.13,8792.98,3136619
2018-03-11,8648.86,9721.93,8622.89,9630.0,1840312
2018-03-12,9630.0,9871.99,8728.0,8994.07,3853066
2018-03-13,8994.07,9462.12,8814.98,9040.33,4105361
2018-03-14,9040.33,9335.01,8181.14,8280.0,2947673
2018-03-15,8280.0,8403.69,7662.0,8230.01,3781994
2018-03-16,8230.0,8592.11,7894.09,8504.43,3250889
2018-03-18,7830.0,8069.75,7305.37,7640.62,3246755
2018-03-19,7640.62,8693.35,7630.0,8408.29,3605914
2018-03-20,8404.0,9030.0,8299.92,8894.65,2471012
2018-03-21,8894.66,9167.0,8734.83,8873.56,2084072
2018-03-22,8873.56,9076.79,8483.4,8579.0,2104669
2018-03-23,8579.0,8735.5,8253.2,8581.0,1553474
2018-03-24,8581.0,8998.7,8580.0,8894.8,1300430
2018-03-25,8894.8,8894.8,8341.0,8560.9,1434835
2018-03-26,8560.9,8614.8,7814.6,7851.0,1273120
2018-03-27,7853.1,8232.8,7687.9,7954.5,1913876
2018-03-28,7954.6,8081.6,7695.0,7862.5,1291780
2018-03-29,7862.5,7974.9,7075.0,7080.0,1343007
2018-03-30,7080.0,7289.0,6503.0,6807.7,2812897
2018-03-31,6807.7,7191.8,6752.1,6860.9,1436093
2018-04-01,6860.9,7005.0,6400.0,6853.6,1520878
2018-04-02,6853.6,7090.2,6725.8,6911.5,1294940
2018-04-03,6911.2,7479.0,6891.0,7376.0,1201289
2018-04-04,7376.0,7409.4,6695.9,6796.1,1289649
2018-04-05,6796.1,6881.5,6541.0,6719.5,1616114
2018-04-06,6719.5,6821.5,6480.0,6563.3,1194480
2018-04-07,6565.8,7049.0,6491.0,6975.3,763036
2018-04-08,6975.3,7084.8,6826.0,6925.4,678206
2018-04-09,6925.4,7155.1,6581.0,6636.0,929629
2018-04-10,6636.0,6840.0,6620.0,6811.2,563528
2018-04-11,6811.2,6942.5,6723.0,6856.3,402150
2018-04-12,6859.1,8049.0,6731.0,7700.9,1102995
2018-04-13,7700.9,8219.0,7683.0,7890.0,2060486
2018-04-16,8293.5,8404.0,7895.5,7983.0,1437128
2018-04-17,8011.0,8156.0,7809.0,7906.5,1530877
2018-04-18,7899.5,8221.0,7855.0,8182.0,1297935
2018-04-19,8184.5,8291.5,8086.5,8227.0,1552097
2018-04-20,8265.5,8550.0,8210.0,8516.5,1198673
2018-04-23,8902.5,8993.5,8755.5,8922.5,1215178
2018-04-24,8930.0,9459.0,8907.0,9446.5,1572763
2018-04-25,9447.5,9753.0,8762.0,9062.0,3230605
2018-04-26,9156.5,9164.5,8637.5,9101.5,2281549
2018-04-27,9093.5,9370.5,8948.5,8967.0,1666637
2018-04-30,9313.0,9439.0,9106.0,9271.5,1357026
2018-05-01,9211.0,9276.0,8817.0,9009.0,1514428
2018-05-02,9052.0,9179.5,8968.0,9162.5,1169915
2018-05-03,9221.5,9741.5,9150.0,9655.5,1447473
2018-05-04,9650.0,9798.0,9509.5,9684.0,1639639
2018-05-07,9527.5,9639.0,9172.0,9430.0,1609620
2018-05-08,9385.5,9455.0,9039.0,9152.0,1363178
2018-05-09,9193.0,9359.0,8966.0,9252.5,1234626
2018-05-10,9242.5,9382.5,9045.0,9097.0,1500178
2018-05-11,9096.0,9099.0,8368.0,8428.5,2001728
2018-05-14,8658.5,8880.0,8276.5,8837.5,2005028
2018-05-15,8736.0,8848.5,8422.0,8528.5,2071251
2018-05-16,8448.0,8545.5,8098.0,8285.5,1960590
2018-05-17,8289.5,8491.5,8096.5,8196.5,1443176
2018-05-18,8124.0,8269.5,7917.5,8222.0,1815826
2018-05-21,8547.0,8580.0,8299.0,8403.0,1279374
2018-05-22,8397.0,8419.0,8071.5,8105.5,1230890
2018-05-23,8088.5,8102.5,7425.0,7580.5,1737030
2018-05-24,7565.5,7722.5,7259.5,7549.5,1805133
2018-05-25,7543.5,7652.0,7320.5,7440.0,1817005
2018-05-28,7294.0,7433.5,7162.0,7217.0,1157429
2018-05-29,7197.5,7520.0,7050.0,7496.5,1229632
2018-05-30,7496.0,7552.5,7265.0,7336.0,1123555
2018-05-31,7330.5,7592.5,7301.5,7534.5,1102102
2018-06-01,7523.0,7604.0,7336.0,7433.0,1231139
2018-06-04,7704.5,7752.0,7441.5,7521.0,846186
2018-06-05,7512.0,7655.5,7351.5,7620.5,1117444
2018-06-06,7619.0,7675.5,7473.5,7617.0,869291
2018-06-07,7616.5,7741.5,7614.0,7652.5,988253
2018-06-08,7654.5,7689.0,7534.0,7639.0,532502
2018-06-11,6727.0,6832.5,6636.5,6755.5,1084632
2018-06-12,6759.5,6903.0,6430.5,6523.0,856124
2018-06-13,6502.5,6617.0,6101.0,6249.5,1347721
2018-06-14,6251.0,6701.0,6224.0,6644.5,1068961
2018-06-15,6640.0,6655.0,6432.0,6490.0,1077694
2018-06-18,6478.5,6786.0,6379.5,6724.0,672361
2018-06-19,6721.0,6828.5,6665.5,6688.0,520246
2018-06-20,6687.0,6809.0,6550.5,6748.0,617437
2018-06-21,6729.5,6784.0,6684.0,6716.0,472273
2018-06-22,6716.5,6748.0,5990.0,6058.5,1278329
2018-06-25,6166.0,6336.5,6074.5,6245.0,936473
2018-06-26,6252.0,6271.0,6124.0,6177.0,731234
2018-06-27,6180.5,6252.5,5984.5,6121.0,917715
2018-06-28,6115.5,6175.5,6021.0,6039.5,663881
2018-06-29,6036.5,6036.5,5779.5,5898.5,966095
2018-07-02,6327.0,6667.0,6267.5,6616.0,952203
2018-07-03,6619.5,6665.0,6531.5,6610.5,724203
2018-07-04,6578.5,6798.0,6408.0,6681.0,888445
2018-07-05,6674.0,6694.5,6444.0,6504.0,1335304
2018-07-06,6501.5,6636.0,6447.0,6559.5,943972
2018-07-09,6731.0,6754.0,6658.5,6692.0,755289
2018-07-10,6680.0,6807.5,6317.5,6384.5,1041570
2018-07-11,6387.5,6398.0,6265.5,6350.0,708384
2018-07-12,6368.0,6376.5,6127.5,6167.5,666858
2018-07-13,6169.0,6335.0,6066.5,6184.0,790591
2018-07-16,6368.5,6713.5,6326.5,6654.0,886081
2018-07-17,6645.5,7459.0,6637.0,7305.0,974018
2018-07-18,7305.0,7588.0,7241.0,7319.5,371815
2018-07-19,7329.0,7521.87,7185.0,7420.5,579247
2018-07-20,7420.5,7681.5,7280.0,7351.0,317443
2018-07-23,7351.0,7801.24,7341.5,7701.74,649380
2018-07-24,7714.0,8355.99,7595.0,8226.99,1479095
2018-07-25,8224.74,8479.99,8052.0,8185.5,1356061
2018-07-26,8227.74,8312.24,8103.24,8133.74,974565
2018-07-27,8083.49,8282.5,7797.99,8230.24,1486236
2018-07-30,8207.49,8282.74,7844.49,8144.99,1355200
2018-07-31,8138.99,8203.24,7643.5,7680.74,1252679
2018-08-01,7691.99,7763.99,7451.74,7474.24,1021566
2018-08-02,7491.74,7697.74,7426.0,7544.74,1020420
2018-08-03,7540.49,7565.49,7275.49,7380.99,1066763
2018-08-06,7054.49,7154.49,6865.49,6908.24,863361
2018-08-07,6905.49,7138.24,6831.49,6868.99,1025782
2018-08-08,6690.5,6786.99,6108.24,6306.99,1679839
2018-08-09,6314.49,6543.74,6179.24,6499.99,1133633
2018-08-10,6566.99,6609.99,6114.99,6179.24,1240887
2018-08-13,6325.29,6531.74,6141.24,6268.24,995623
2018-08-14,6255.49,6275.99,5860.74,6072.74,1470787
2018-08-15,6075.74,6620.74,6064.99,6365.24,1811355
2018-08-16,6349.74,6469.99,6198.24,6238.74,1539541
2018-08-17,6243.99,6550.24,6217.74,6467.74,1309490
2018-08-20,6507.0,6538.49,6374.74,6443.24,916413
2018-08-21,6436.99,6468.99,6217.24,6438.74,1115692
2018-08-22,6341.0,6864.49,6277.24,6324.24,1467926
2018-08-23,6365.24,6474.73,6237.74,6407.48,749511
2018-08-24,6455.98,6631.74,6435.24,6599.24,539018
2018-08-27,6669.74,6753.74,6638.49,6707.99,420254
2018-08-28,6701.24,7117.99,6700.49,7073.74,607261
2018-08-29,7078.49,7110.74,6886.24,7026.99,564473
2018-08-30,7024.24,7060.74,6781.75,6902.75,651705
2018-08-31,6913.25,7078.75,6871.25,7033.5,636683
2018-09-03,7277.75,7320.25,7178.75,7288.25,494623
2018-09-04,7288.25,7393.75,7221.0,7350.0,549283
2018-09-05,7347.75,7374.75,6840.25,6937.25,717253
2018-09-06,6926.25,6969.25,6211.75,6430.0,1280078
2018-09-07,6426.25,6516.75,6315.75,6435.25,869398
2018-09-10,6376.75,6377.75,6174.75,6286.5,875474
2018-09-11,6289.25,6395.75,6160.25,6241.25,760747
2018-09-12,6238.25,6340.5,6184.75,6293.0,757438
2018-09-13,6289.25,6520.25,6281.75,6455.0,859755
2018-09-14,6452.75,6571.5,6364.5,6519.5,914243
2018-09-17,6490.75,6520.25,6195.0,6205.25,694182
2018-09-18,6233.25,6369.75,6207.75,6304.5,625965
2018-09-19,6301.75,6511.25,6093.25,6407.25,737856
2018-09-20,6419.75,6433.25,6330.25,6362.75,508901
2018-09-21,6358.25,6955.25,6348.25,6706.0,1014584
2018-09-24,6660.72,6715.97,6566.23,6621.64,704180
2018-09-25,6620.39,6626.35,6319.86,6385.49,924439
2018-09-26,6382.49,6532.97,6359.99,6493.62,555938
2018-09-27,6492.12,6730.46,6423.26,6687.44,601269
2018-09-28,6700.19,6781.97,6511.81,6634.97,936690
2018-10-01,6561.08,6635.07,6478.98,6547.52,592661
2018-10-02,6546.52,6605.08,6443.87,6522.54,873957
2018-10-03,6527.49,6534.54,6396.07,6432.21,787676
2018-10-04,6428.97,6609.92,6406.21,6550.32,702942
2018-10-05,6547.07,6598.02,6521.47,6541.38,725415
2018-10-08,6530.98,6661.15,6527.23,6617.04,529216
2018-10-09,6618.79,6624.29,6548.54,6575.09,378672
2018-10-10,6567.84,6594.16,6447.3,6533.15,529851
2018-10-11,6524.65,6547.2,6051.97,6205.52,1528803
2018-10-12,6212.06,6242.03,6114.38,6217.05,814366
2018-10-15,6197.01,6783.64,6154.08,6402.11,1939376
2018-10-16,6418.16,6501.09,6383.21,6463.61,850644
2018-10-17,6453.85,6483.14,6400.68,6431.81,495010
2018-10-18,6428.77,6486.88,6342.29,6379.3,559608
2018-10-19,6381.23,6408.69,6351.09,6383.65,642658
2018-10-22,6431.4,6431.4,6378.0,6415.22,383799
2018-10-23,6413.64,6427.48,6361.87,6394.53,735663
2018-10-24,6411.23,6485.17,6390.05,6427.15,1179952
2018-10-25,6441.19,6534.68,6374.42,6394.83,730665
2018-10-26,6395.2,6465.62,6371.0,6397.54,230253
2018-10-29,6387.0,6428.54,6198.79,6237.35,411330
2018-10-30,6237.85,6284.3,6229.36,6260.25,363960
2018-10-31,6260.9,6346.2,6190.15,6299.74,414671
2018-11-01,6296.14,6343.35,6289.73,6336.83,455072
2018-11-02,6332.63,6375.1,6326.63,6349.97,363901
2018-11-05,6409.97,6438.47,6367.34,6396.34,297847
2018-11-06,6395.34,6449.81,6381.09,6416.64,352035
2018-11-07,6416.89,6543.41,6416.41,6500.91,427781
2018-11-08,6497.66,6509.62,6385.1,6417.41,401249
2018-11-09,6416.16,6423.17,6307.17,6324.95,432258
2018-11-12,6308.9,6393.7,6306.5,6315.31,617979
2018-11-13,6309.35,6334.46,6242.5,6275.83,624308
2018-11-14,6272.83,6290.21,5266.84,5529.3,1750419
2018-11-15,5514.8,5615.9,5192.74,5463.86,1891399
2018-11-16,5469.86,5614.94,5431.3,5446.73,917960
2018-11-19,5545.94,5557.76,4657.21,4785.39,1684145
2018-11-20,4755.14,4888.9,4030.39,4323.9,2744540
2018-11-21,4336.14,4635.39,4178.4,4452.15,2175856
2018-11-22,4448.64,4597.02,4359.15,4426.64,1143967
2018-11-23,4425.4,4445.15,4082.89,4256.39,1382626
2018-11-26,4014.64,4092.89,3513.64,3641.14,2061052
2018-11-27,3627.64,3799.89,3556.39,3767.15,1463548
2018-11-28,3745.65,4360.64,3736.4,4235.14,1435984
2018-11-29,4202.65,4409.64,4079.64,4186.64,1314837
2018-11-30,4165.11,4297.64,3859.28,3920.63,1328762
2018-12-03,4144.96,4154.93,3733.63,3867.64,1037181
2018-12-04,3849.41,4032.4,3726.78,3899.15,1029665
2018-12-05,3865.11,3913.66,3654.09,3717.4,875851
2018-12-06,3679.16,3841.14,3533.14,3596.64,1162686
2018-12-07,3558.02,3625.64,3202.14,3362.39,1543313
2018-12-10,3507.89,3589.14,3349.41,3398.64,864209
2018-12-11,3360.69,3423.14,3291.39,3369.64,746978
2018-12-12,3364.14,3481.91,3324.15,3438.35,529451
2018-12-13,3387.14,3438.65,3219.39,3253.9,552495
2018-12-14,3265.64,3292.89,3134.39,3154.89,545357
2018-12-17,3184.65,3579.39,3175.99,3491.66,587066
2018-12-18,3490.4,3568.65,3432.15,3532.9,551340
2018-12-19,3533.4,3923.39,3518.65,3659.14,975404
2018-12-20,3628.64,4170.15,3628.64,3987.64,1358118
2018-12-21,4026.64,4164.14,3774.08,3841.14,1372616
2018-12-24,3928.72,4235.14,3899.65,4053.89,715269
2018-12-26,3786.64,3863.1,3681.14,3768.39,718820
2018-12-27,3773.39,3837.64,3563.89,3586.14,768651
2018-12-28,3574.14,3968.65,3562.89,3888.15,689799
2018-12-31,3810.01,3842.4,3695.39,3747.89,451711
2019-01-02,3716.65,3898.64,3706.14,3878.65,598325
2019-01-03,3876.14,3913.14,3751.89,3792.15,474460
2019-01-04,3771.64,3847.65,3717.89,3829.14,548407
2019-01-07,4027.64,4069.65,3964.89,4002.39,498559
2019-01-08,3998.64,4113.14,3941.64,3995.14,575711
2019-01-09,3994.14,4042.12,3959.14,4001.9,495969
2019-01-10,3988.39,4033.89,3548.39,3632.14,775174
2019-01-11,3611.39,3696.56,3579.14,3643.14,490988
2019-01-14,3497.14,3713.57,3485.14,3663.47,492255
2019-01-15,3662.82,3686.78,3538.14,3564.15,438463
2019-01-16,3563.9,3665.64,3563.9,3596.89,415061
2019-01-17,3591.89,3658.64,3540.89,3625.39,437361
2019-01-18,3624.41,3648.9,3576.58,3612.08,302917
2019-01-21,3535.23,3568.91,3501.77,3516.62,327307
2019-01-22,3514.32,3609.58,3418.08,3572.08,490436
2019-01-23,3572.34,3610.59,3518.09,3542.84,323153
2019-01-24,3543.35,3597.6,3526.14,3569.34,336229
2019-01-25,3574.34,3580.34,3495.85,3555.35,401062
2019-01-28,3535.25,3542.1,3369.85,3415.86,504299
2019-01-29,3416.85,3444.6,3322.5,3400.85,335110
2019-01-30,3397.85,3459.39,3369.85,3431.39,396668
2019-01-31,3432.89,3471.89,3393.13,3415.13,366014
2019-02-01,3413.13,3453.13,3368.48,3448.89,383794
2019-02-04,3391.38,3437.38,3388.88,3415.68,221733
2019-02-05,3403.96,3429.38,3396.18,3419.68,154101
2019-02-06,3422.38,3444.38,3331.78,3366.68,208112
2019-02-07,3367.38,3381.13,3351.18,3356.68,119679
2019-02-08,3355.88,3707.35,3342.38,3595.88,315136
2019-02-11,3599.38,3653.88,3580.89,3593.39,240201
2019-02-12,3593.88,3617.89,3544.36,3576.88,228820
2019-02-13,3570.89,3623.61,3559.88,3568.68,177056
2019-02-14,3570.38,3589.22,3532.14,3569.14,220296
2019-02-15,3566.39,3615.4,3543.24,3564.14,149346
2019-02-18,3589.64,3917.37,3583.89,3851.31,737504
2019-02-19,3839.89,3968.89,3829.14,3883.14,570202
2019-02-20,3882.47,3963.77,3863.89,3914.43,373284
2019-02-21,3906.77,3986.71,3864.68,3897.49,377365
2019-02-22,3887.39,3953.53,3880.89,3938.74,373471
2019-02-25,3767.77,3859.59,3725.01,3804.55,617822
2019-02-26,3794.09,3831.32,3757.84,3788.84,406699
2019-02-27,3792.34,3824.22,3647.09,3747.09,347917
2019-02-28,3744.92,3888.09,3738.79,3801.59,469301
2019-03-01,3801.59,3843.59,3780.18,3828.34,223451
2019-03-04,3787.34,3808.35,3669.09,3702.96,372820
2019-03-05,3686.34,3872.49,3681.56,3833.84,389618
2019-03-06,3827.34,3890.72,3810.59,3843.85,267261
2019-03-07,3843.85,3890.85,3826.6,3869.35,328978
2019-03-08,3866.34,3910.35,3843.59,3873.15,262684
2019-03-11,3897.85,3912.36,3812.35,3847.1,266127
2019-03-12,3847.08,3875.61,3794.6,3865.35,206770
2019-03-13,3866.85,3871.35,3824.89,3850.74,223299
2019-03-14,3847.98,3902.11,3776.8,3849.35,209036
2019-03-15,3848.35,3907.6,3845.76,3896.85,219017
2019-03-18,3974.35,4017.85,3933.6,3971.1,243944
2019-03-19,3966.6,4013.43,3946.5,3991.35,206036
2019-03-20,3986.85,4019.12,3959.16,4010.66,197685
2019-03-21,3993.34,4056.44,3909.69,3973.59,341797
2019-03-22,3973.82,3999.64,3959.29,3974.14,196008
2019-03-25,3954.34,3976.34,3845.19,3884.64,216570
2019-03-26,3879.09,3921.09,3877.64,3914.84,171261
2019-03-27,3905.84,4033.71,3905.84,4008.34,206524
2019-03-28,4006.59,4036.1,3991.25,4009.46,146353
2019-03-29,4009.18,4098.86,4001.1,4072.85,249905
2019-04-01,4091.12,4148.73,4049.86,4128.93,192383
2019-04-02,4128.35,5086.35,4125.4,4800.85,1426101
2019-04-03,4802.1,5315.96,4776.85,5289.76,1477227
2019-04-04,5325.93,5337.76,4735.52,4847.02,1748634
2019-04-05,4846.35,5065.87,4836.9,4998.81,1002986
2019-04-08,5128.01,5349.27,5112.87,5247.46,1203877
2019-04-09,5257.27,5309.44,5140.51,5218.27,840507
2019-04-10,5208.77,5460.22,5158.23,5304.23,624443
2019-04-11,5306.85,5344.77,4959.62,5053.77,898649
2019-04-12,5032.48,5119.48,4897.43,5040.73,642007
2019-04-15,5086.99,5189.73,4938.23,5025.23,608778
2019-04-16,5013.23,5230.23,5009.23,5182.72,449433
2019-04-17,5181.22,5269.98,5163.73,5216.03,480606
2019-04-18,5215.73,5310.73,5203.48,5305.73,430704
2019-04-19,5302.23,5354.73,5195.23,5266.48,419544
2019-04-22,5253.73,5441.98,5249.23,5368.23,517799
2019-04-23,5360.73,5635.68,5355.48,5580.98,635440
2019-04-24,5573.23,5620.48,5369.44,5435.44,795631
2019-04-25,5444.23,5512.23,5375.23,5496.99,400576
2019-04-26,5502.48,5503.73,4945.48,5092.23,1186788
2019-04-29,5113.19,5187.7,5066.94,5132.69,418613
2019-04-30,5126.69,5285.74,5090.69,5235.44,452286
2019-05-01,5235.19,5350.94,5232.69,5311.19,369029
2019-05-02,5302.61,5421.46,5283.19,5405.21,425252
2019-05-03,5390.27,5795.94,5356.69,5688.69,1097384
2019-05-06,5776.97,5780.96,5560.21,5693.38,973766
2019-05-07,5701.46,5963.21,5672.21,5849.71,1053632
2019-05-08,5836.71,5912.84,5655.81,5899.62,942572
2019-05-09,5876.92,6089.46,5827.96,6079.46,1059088
2019-05-10,6065.96,6423.46,6065.96,6289.71,1209827
2019-05-13,7145.42,7976.67,6853.17,7849.92,2876747
2019-05-14,7874.92,8348.17,7561.92,7706.71,4171553
2019-05-15,7632.21,8264.96,7624.96,8166.11,2788578
2019-05-16,8161.21,8387.46,7676.21,7733.6,3049744
2019-05-17,7745.95,7962.45,6504.33,7107.45,4369316
2019-05-20,8029.45,8313.45,7553.95,8012.45,3444416
2019-05-21,8066.45,8150.7,7794.7,8079.45,2584447
2019-05-22,8108.7,8108.7,7667.7,7831.45,1889311
2019-05-23,7815.95,7876.95,7449.95,7862.2,1966667
2019-05-24,7860.45,8176.45,7790.7,8105.95,1790002
2019-05-27,8537.45,8948.2,8527.35,8748.54,2342877
2019-05-28,8742.2,8845.45,8518.45,8689.45,1764694
2019-05-29,8681.45,8758.12,8416.95,8647.87,1860998
2019-05-30,8634.37,9075.12,8353.63,8454.12,2079597
2019-05-31,8493.37,8515.12,7962.13,8505.12,2579899
2019-06-03,8674.2,8757.37,8306.13,8557.62,2026847
2019-06-04,8552.87,8563.37,7483.79,7651.37,3568413
2019-06-05,7594.63,7923.97,7419.12,7747.72,2255315
2019-06-06,7720.62,7872.12,7413.0,7687.99,1802598
2019-06-07,7677.49,8128.74,7677.49,7908.99,1390515
2019-06-10,7710.24,8082.99,7499.99,7944.74,1812038
2019-06-11,7925.24,8051.99,7699.19,7927.74,1336104
2019-06-12,7934.24,8273.74,7819.25,8113.24,1481834
2019-06-13,8132.24,8289.74,8033.99,8262.24,1136331
2019-06-14,8277.24,8468.34,8175.54,8451.74,1144284
2019-06-17,8939.24,9429.74,8842.26,9278.24,2151933
2019-06-18,9249.24,9471.24,8919.24,9123.49,2235690
2019-06-19,9104.49,9207.49,8937.74,9160.99,1302461
2019-06-20,9158.74,9599.74,9132.34,9557.49,1563897
2019-06-21,9570.24,9952.5,9443.49,9934.74,2289438
2019-06-24,11034.14,11247.49,10521.24,10867.07,3806631
2019-06-25,10880.44,11472.72,10873.92,11372.19,3042325
2019-06-26,11374.56,13849.59,11299.05,12340.68,9651608
2019-06-27,12031.3,13296.6,10229.1,10633.6,12508023
2019-06-28,10465.55,12394.56,10438.65,12216.1,7485943
2019-07-01,11287.23,11417.06,9899.36,10449.13,5775644
2019-07-02,10493.6,10913.35,9618.36,10753.89,5114585
2019-07-03,10753.89,11557.6,10562.91,11348.17,4461820
2019-07-04,11316.59,12050.61,11303.53,11721.6,3642134
2019-07-05,11690.09,11736.59,10732.1,11014.45,3933150
2019-07-08,11512.21,12285.43,11313.04,12211.36,2449191
2019-07-09,12204.49,12817.02,12043.86,12384.88,3375941
2019-07-10,12330.07,13183.53,11588.82,11795.97,4485229
2019-07-11,11618.56,12192.33,10915.17,11144.45,4821349
2019-07-12,11127.98,11904.92,11055.02,11891.44,3176592
2019-07-15,10609.43,10940.78,9850.03,10811.6,3826046
2019-07-16,10711.8,11069.42,9371.11,9586.07,4106290
2019-07-17,9586.07,9985.76,9026.89,9688.93,3844705
2019-07-18,9681.39,10735.45,9277.73,10617.59,4051604
2019-07-19,10621.78,10798.59,10054.89,10506.84,3812657
2019-07-22,10470.31,10670.84,10046.08,10317.84,2305364
2019-07-23,10267.38,10377.34,9860.84,10160.59,2494211
2019-07-24,10121.34,10141.34,9475.29,9678.09,2413394
2019-07-25,9678.47,10186.59,9657.26,9870.34,1984957
2019-07-26,9795.04,9946.84,9633.54,9829.84,1679104
2019-07-29,9429.35,9713.09,9095.09,9513.09,2075828
2019-07-30,9435.17,9758.34,9364.06,9527.08,1613879
2019-07-31,9451.02,10116.4,9446.01,10021.84,1679608
2019-08-01,10019.33,10480.59,9867.34,10403.34,1832816
2019-08-02,10425.29,10661.34,10326.59,10403.84,2157971
2019-08-05,10863.91,11946.34,10765.39,11721.09,3305577
2019-08-06,11621.59,12322.34,11523.34,11639.09,3132074
2019-08-07,11553.07,12131.59,11198.49,11843.09,3296945
2019-08-08,11883.76,12037.84,11438.84,11586.59,3333449
2019-08-09,11616.92,12044.54,11534.5,11859.84,3020796
2019-08-12,11389.9,11558.25,11201.59,11415.34,1863891
2019-08-13,11408.2,11441.11,10726.33,10879.09,1983825
2019-08-14,10874.74,10893.59,9997.84,10152.46,2542173
2019-08-15,10152.34,10388.48,9470.15,10359.26,3124626
2019-08-16,10263.2,10525.34,9702.63,10394.09,3065978
2019-08-19,10287.91,10830.85,10254.84,10669.34,1996391
2019-08-20,10675.51,10951.84,10545.34,10698.84,2090849
2019-08-21,10693.34,10840.59,9823.27,10144.59,2681381
2019-08-22,10143.54,10229.59,9749.15,10175.34,2560337
2019-08-23,10165.09,10469.34,10018.76,10353.84,2093788
2019-08-26,9963.19,10632.59,9890.59,10257.59,2822653
2019-08-27,10276.1,10391.09,10017.34,10132.14,2143773
2019-08-28,10138.8,10285.68,9465.32,9665.67,2162666
2019-08-29,9569.5,9745.06,9265.84,9511.87,2084800
2019-08-30,9440.98,9690.38,9339.66,9626.17,1904871
2019-09-02,9634.71,10455.36,9622.64,10381.57,1670929
2019-09-03,10388.35,10775.59,10274.09,10703.34,2073327
2019-09-04,10702.09,10825.09,10351.84,10618.34,2128289
2019-09-05,10561.02,10694.59,10467.84,10507.84,1885537
2019-09-06,10526.36,10939.34,10172.84,10350.09,2188239
2019-09-09,10365.12,10525.09,10054.44,10232.84,1934827
2019-09-10,10242.09,10387.59,9884.0,10043.59,1738056
2019-09-11,10032.34,10245.59,9866.88,10094.43,1735915
2019-09-12,10079.78,10367.09,10031.05,10322.5,1464116
2019-09-13,10324.59,10456.65,10148.09,10263.68,1399964
2019-09-16,10201.02,10375.84,10057.09,10199.23,1176752
2019-09-17,10199.23,10323.84,10131.09,10254.31,1070097
2019-09-18,10162.44,10261.59,10060.23,10189.84,920064
2019-09-19,10117.77,10361.3,9597.34,10255.34,1612223
2019-09-20,10260.62,10310.84,10045.34,10134.1,1177830
2019-09-23,10005.8,10070.09,9624.84,9775.88,1484014
2019-09-24,9670.56,9820.85,7773.24,8526.84,4138546
2019-09-25,8310.57,8791.37,8226.59,8512.14,3063813
2019-09-26,8409.4,8640.84,7704.84,8086.53,2636946
2019-09-27,7982.08,8132.2,7853.8,8057.84,1762595
2019-09-30,7925.91,8354.97,7692.67,8238.35,1881063
2019-10-01,8156.14,8515.02,8154.38,8378.03,1762257
2019-10-02,8315.46,8418.96,8169.41,8229.94,1249599
2019-10-03,8228.25,8411.9,8042.42,8141.5,1154558
2019-10-04,8131.42,8292.16,7986.89,8163.77,1162966
2019-10-07,7836.18,8302.44,7759.25,8206.46,1575614
2019-10-08,8141.69,8338.28,8097.98,8125.75,1216073
2019-10-09,8046.32,8703.36,8043.06,8582.75,1401110
2019-10-10,8502.48,8657.82,8453.02,8572.25,1229108
2019-10-11,8597.16,8806.94,8267.81,8335.82,1580750
2019-10-14,8166.31,8394.83,8136.29,8339.08,954861
2019-10-15,8274.55,8401.58,8050.12,8139.84,1053868
2019-10-16,8055.68,8174.32,7903.19,7983.57,1077362
2019-10-17,7907.02,8123.59,7905.96,8042.05,970361
2019-10-18,8015.82,8118.1,7786.1,7943.1,1202738
2019-10-21,8193.13,8341.01,8138.54,8201.06,883490
2019-10-22,8182.41,8306.55,8026.05,8126.57,952114
2019-10-23,8091.35,8118.08,7250.42,7495.51,1589451
2019-10-24,7479.28,7510.08,7348.98,7455.01,1199762
2019-10-25,7378.34,8763.58,7367.45,8576.59,2121386
2019-10-28,9523.48,9932.6,9261.6,9455.1,2871292
2019-10-29,9461.92,9544.44,9057.49,9445.1,2332527
2019-10-30,9445.1,9465.89,8969.6,9185.1,2231497
2019-10-31,9161.1,9392.8,8943.6,9168.1,1986084
2019-11-01,9089.01,9287.1,8976.29,9207.6,2073112
2019-11-04,9169.6,9552.6,9102.77,9439.1,1511245
2019-11-05,9419.1,9477.6,9109.6,9348.6,1721701
2019-11-06,9272.89,9438.6,9243.6,9314.6,1337255
2019-11-07,9314.6,9371.6,9066.6,9206.1,1254467
2019-11-08,9164.64,9248.1,8633.6,8859.1,1762024
2019-11-11,9048.6,9088.1,8552.6,8731.6,1466858
2019-11-12,8731.6,8855.1,8542.1,8758.6,1310078
2019-11-13,8765.1,8826.1,8695.6,8749.6,907067
2019-11-14,8747.35,8787.6,8543.6,8647.1,1057129
2019-11-15,8646.1,8766.6,8318.1,8449.1,1310186
2019-11-18,8471.45,8549.6,8001.1,8212.1,1232106
2019-11-19,8212.1,8215.1,7959.1,8103.1,1156447
2019-11-20,8110.85,8196.6,8029.6,8082.1,964118
2019-11-21,8023.41,8115.6,7331.6,7598.1,1346587
2019-11-22,7574.91,7689.6,6752.6,7333.1,2652768
2019-11-25,7029.6,7356.41,6518.6,7219.1,2723403
2019-11-26,7217.85,7337.6,7006.6,7113.1,1857141
2019-11-27,7091.6,7669.1,6847.16,7543.1,2031983
2019-11-28,7448.83,7656.1,7401.1,7560.6,1567761
2019-11-29,7491.31,7870.6,7345.1,7705.6,1809391
2019-12-02,7404.29,7449.44,7148.36,7311.71,1675385
2019-12-03,7232.26,7409.47,7211.47,7327.36,1116527
2019-12-04,7331.06,7730.11,7076.74,7179.22,1905842
2019-12-05,7174.4,7487.76,7139.3,7375.65,1881708
2019-12-06,7365.27,7599.88,7298.95,7464.64,1507267
2019-12-09,7535.73,7637.1,7263.93,7361.32,1241360
2019-12-10,7361.32,7401.63,7147.72,7217.69,1130571
2019-12-11,7208.79,7265.89,7121.95,7184.1,783810
2019-12-12,7118.7,7289.1,7048.1,7193.35,1053516
2019-12-13,7200.6,7299.6,7171.35,7238.6,645584
2019-12-16,7041.06,7138.6,6791.2,6870.04,965435
2019-12-17,6858.79,6934.54,6569.29,6614.29,1101524
2019-12-18,6613.04,7215.54,6391.04,7127.54,1926144
2019-12-19,7133.54,7427.29,7022.93,7151.79,2126507
2019-12-20,7073.4,7217.79,7070.04,7195.79,1116658
2019-12-23,7392.79,7687.79,7280.79,7318.29,1798458
2019-12-24,7307.79,7424.79,7148.29,7192.29,1292181
2019-12-26,7181.29,7428.29,7160.79,7187.79,1235098
2019-12-27,7177.29,7251.29,7035.29,7217.29,1188958
2019-12-30,7383.79,7423.79,7191.29,7241.79,1026886
2019-12-31,7170.53,7297.79,7109.29,7140.79,833784
2020-01-02,7128.58,7207.29,6872.91,6959.04,1015741
2020-01-03,6952.54,7402.89,6851.79,7266.18,1519097
2020-01-06,7369.01,7606.54,7294.41,7569.66,1168074
2020-01-07,7571.56,8191.51,7486.63,8021.64,1949623
2020-01-08,8058.93,8452.4,7861.95,8001.19,2623793
2020-01-09,7918.01,8111.72,7732.29,7784.79,1885425
2020-01-10,7787.29,8132.79,7662.29,8057.29,2098801
2020-01-13,8098.29,8192.79,8037.29,8127.29,925368
2020-01-14,8134.29,8858.78,8094.29,8734.78,2450971
2020-01-15,8737.53,8899.28,8550.78,8820.78,2599491
2020-01-16,8739.89,8865.78,8576.28,8675.79,1892588
2020-01-17,8616.3,9010.28,8616.29,8902.78,2013255
2020-01-20,8727.29,8743.79,8430.29,8669.29,1654854
2020-01-21,8637.65,8764.79,8440.79,8715.79,1427760
2020-01-22,8718.79,8792.29,8568.29,8638.79,1228131
2020-01-23,8641.04,8667.89,8274.29,8377.29,1725811
2020-01-24,8295.29,8510.79,8209.79,8495.29,1577379
2020-01-27,8487.29,8988.79,8486.79,8945.29,1593349
2020-01-28,8931.36,9181.79,8864.79,9047.29,2079603
2020-01-29,8953.29,9430.28,8951.79,9356.78,1988056
2020-01-30,9358.01,9563.78,9137.78,9552.28,1992209
2020-01-31,9548.78,9566.78,9189.28,9348.89,1644106
2020-02-03,9415.78,9601.78,9208.29,9271.29,1860734
2020-02-04,9278.84,9339.79,9067.49,9136.29,1567866
2020-02-05,9113.86,9768.78,9037.79,9682.78,1813695
2020-02-06,9653.41,9856.28,9520.28,9734.78,2107504
2020-02-07,9744.78,9875.78,9636.28,9743.28,1794800
2020-02-10,10074.78,10194.78,9686.28,9870.28,2166059
2020-02-11,9826.28,10378.78,9702.28,10230.78,2273301
2020-02-12,10239.78,10481.28,10140.28,10392.28,2472643
2020-02-13,10382.29,10502.78,10065.28,10179.29,2859672
2020-02-14,10167.79,10393.29,10068.79,10348.29,2031887
2020-02-17,9665.29,10002.79,9461.29,9640.29,2646963
2020-02-18,9627.29,10279.79,9501.29,10143.29,2124563
2020-02-19,10090.21,10307.29,9266.29,9583.79,2260718
2020-02-20,9544.55,9708.29,9317.79,9606.29,2426556
2020-02-21,9622.29,9766.79,9501.29,9667.29,1774648
2020-02-24,9854.97,10026.29,9474.29,9604.29,2370250
2020-02-25,9578.44,9682.29,9222.29,9367.29,1953101
2020-02-26,9335.07,9423.29,8568.79,8751.79,2825551
2020-02-27,8748.29,8969.79,8513.79,8744.29,2097191
2020-02-28,8710.34,8898.79,8422.79,8667.29,2458436
2020-03-02,8498.9,8948.79,8477.79,8941.29,1867677
2020-03-03,8909.03,8968.29,8646.79,8740.79,1773470
2020-03-04,8702.27,8847.29,8661.79,8736.29,1246940
2020-03-05,8731.54,9169.29,8707.06,9113.79,1628518
2020-03-06,9083.42,9183.14,8990.79,9131.79,1339714
2020-03-09,8267.79,8288.29,7626.29,7843.29,3259712
2020-03-10,7834.71,8154.79,7690.75,7971.29,2040352
2020-03-11,7978.7,8038.18,7578.29,7858.29,2124429
2020-03-12,7834.78,7985.86,5384.79,5753.79,6941570
2020-03-13,5662.21,5983.29,3771.79,5430.79,13897327
2020-03-16,5211.51,5948.29,4417.29,4896.11,5714823
2020-03-17,4867.11,5502.4,4813.27,5471.27,3606416
2020-03-18,5469.75,5561.04,5005.27,5334.24,3011621
2020-03-19,5332.17,6394.01,5259.77,6244.75,3151436
2020-03-20,6225.41,6917.99,5596.79,5965.67,4309626
2020-03-23,5992.98,6620.45,5666.63,6400.19,3439175
2020-03-24,6345.06,6851.51,6335.67,6749.24,3691357
2020-03-25,6754.2,6980.47,6444.71,6596.74,3287784
2020-03-26,6563.57,6793.14,6501.81,6737.29,2164012
2020-03-27,6737.32,6867.97,6576.12,6678.79,1771791
2020-03-30,5900.16,6506.02,5722.29,6465.24,1833280
2020-03-31,6465.39,6611.73,6339.05,6480.26,1804587
2020-04-01,6458.35,6493.72,6147.66,6352.74,1466223
2020-04-02,6373.37,7253.42,6310.5,6751.77,2614548
2020-04-03,6693.76,7045.59,6606.62,6699.74,2836210
2020-04-06,6730.45,7324.17,6721.16,7233.27,2503086
2020-04-07,7222.03,7468.61,7065.92,7118.28,2569126
2020-04-08,7097.97,7429.2,7076.64,7316.73,2306505
2020-04-09,7322.21,7396.66,7098.35,7296.24,1931428
2020-04-10,7276.5,7324.69,6744.6,6917.77,2269085
2020-04-13,7084.58,7149.19,6562.72,6825.26,2111916
2020-04-14,6852.27,6988.08,6767.08,6869.27,1842302
2020-04-15,6837.79,6940.25,6682.06,6749.79,1447504
2020-04-16,6739.7,7149.82,6466.05,7037.11,2473187
2020-04-17,7017.49,7210.36,6988.03,7051.75,1541332
2020-04-20,7132.1,7226.0,6747.86,6861.28,1651940
2020-04-21,6854.96,6953.83,6765.59,6883.28,1513387
2020-04-22,6869.09,7167.16,6819.67,7119.74,1170269
2020-04-23,7096.26,7762.67,7024.12,7540.79,1722257
2020-04-24,7526.07,7617.19,7377.21,7528.77,1500973
2020-04-27,7633.97,7812.5,7587.7,7705.79,1316684
2020-04-28,7687.12,7794.24,7662.17,7737.28,1116308
2020-04-29,7704.68,8974.24,7703.01,8925.71,2498972
2020-04-30,8784.86,9470.07,8396.74,8815.64,4295418
2020-05-01,8769.6,9067.99,8579.59,8741.34,3001533
2020-05-04,8804.37,8965.19,8528.94,8932.84,2574416
2020-05-05,8908.27,9121.97,8746.54,8963.64,2153766
2020-05-06,8973.74,9396.54,8918.39,9252.74,2224833
2020-05-07,9228.83,9971.44,9013.29,9783.64,2669384
2020-05-08,9783.64,10066.89,9731.84,9997.92,2397234
2020-05-11,8717.34,9160.64,8142.29,8634.54,3884984
2020-05-12,8634.81,8973.49,8468.39,8830.79,2521294
2020-05-13,8794.68,9344.54,8733.04,9304.34,1939556
2020-05-14,9325.57,9916.24,9250.84,9648.64,2683947
2020-05-15,9611.3,9848.79,9071.04,9230.02,3158343
2020-05-18,9714.56,9942.49,9413.34,9681.64,2281612
2020-05-19,9671.09,9894.94,9448.19,9685.09,2232118
2020-05-20,9679.09,9836.99,9263.94,9585.54,1997000
2020-05-21,9558.25,9578.24,8785.19,9064.59,2462637
2020-05-22,9024.84,9265.79,8931.59,9190.74,1843981
2020-05-25,8992.81,9083.09,8622.49,8915.29,1726636
2020-05-26,8903.27,9010.39,8693.89,8863.79,1590913
2020-05-27,8838.07,9220.24,8802.67,9165.19,1466591
2020-05-28,9135.19,9521.47,9044.44,9449.17,1529117
2020-05-29,9427.59,9618.42,9314.69,9415.29,1742265
2020-06-01,9469.03,9700.14,9383.79,9684.49,1472843
2020-06-02,9637.12,10363.89,9222.59,9521.74,2540874
2020-06-03,9495.21,9634.84,9370.51,9580.19,1589996
2020-06-04,9571.19,9877.54,9446.34,9780.09,1726761
2020-06-05,9776.39,9862.04,9545.54,9709.17,1736938
2020-06-08,9686.29,9803.99,9638.29,9698.92,1206600
2020-06-09,9695.64,9880.34,9514.29,9751.67,1260402
2020-06-10,9751.54,9997.22,9615.79,9864.19,1322357
2020-06-11,9870.14,9971.44,9001.74,9330.69,1996255
2020-06-12,9317.1,9545.67,9228.64,9460.79,1406684
2020-06-15,9376.69,9486.99,8894.74,9479.14,1821256
2020-06-16,9492.94,9586.59,9382.14,9492.17,1325669
2020-06-17,9496.64,9550.84,9236.47,9376.17,1153612
2020-06-18,9352.48,9478.27,9291.64,9346.42,1024723
2020-06-19,9302.99,9418.39,9213.24,9308.29,1262540
2020-06-22,9310.84,9654.17,9266.99,9634.54,995321
2020-06-23,9673.59,9758.29,9568.54,9626.92,904086
2020-06-24,9611.69,9666.17,9192.29,9283.92,1165727
2020-06-25,9286.74,9314.74,8976.34,9271.17,1169762
2020-06-26,9267.29,9331.39,9027.94,9191.17,1372517
2020-06-29,9096.04,9193.92,9014.19,9176.67,963591
2020-06-30,9200.55,9234.67,9044.04,9145.42,883499
2020-07-01,9146.99,9299.17,9089.14,9240.42,825288
2020-07-02,9236.49,9265.92,8928.69,9080.67,972254
2020-07-03,9059.18,9146.59,9035.29,9094.17,657028
2020-07-06,9015.13,9351.89,8892.44,9277.17,974506
2020-07-07,9273.19,9383.64,9201.67,9256.67,806861
2020-07-08,9248.44,9474.59,9223.84,9428.17,930071
2020-07-09,9427.39,9472.42,9158.59,9235.42,994695
2020-07-10,9241.74,9257.67,9110.74,9226.79,744208
2020-07-13,9231.19,9342.39,9194.42,9246.92,845877
2020-07-14,9234.19,9276.67,9078.44,9271.92,795860
2020-07-15,9259.63,9278.29,9147.94,9211.42,674182
2020-07-16,9194.51,9229.99,9024.14,9102.29,824684
2020-07-17,9101.74,9182.09,9076.14,9155.42,598719
2020-07-20,9177.54,9234.34,9125.69,9172.89,567906
2020-07-21,9155.54,9440.59,9146.14,9376.67,799023
2020-07-22,9378.94,9400.67,9281.94,9372.54,610607
2020-07-23,9351.8,9676.14,9351.8,9592.34,1009324
2020-07-24,9580.84,9635.04,9473.74,9628.09,876484
2020-07-27,9879.44,10935.74,9846.43,10874.74,2926947
2020-07-28,10851.84,11408.69,10583.25,10982.38,4065019
2020-07-29,10997.54,11301.99,10851.05,11213.87,2475769
2020-07-30,11237.78,11352.64,10802.1,11155.67,2081674
2020-07-31,11151.09,11458.42,10973.67,11353.09,2196890
2020-08-03,11113.69,11484.92,10880.72,11385.59,2233725
2020-08-04,11348.6,11423.92,10977.37,11216.35,2342652
2020-08-05,11182.35,11732.43,11079.06,11696.52,2052318
2020-08-06,11671.4,11914.3,11465.47,11853.99,2241693
2020-08-07,11855.75,11917.81,11326.71,11575.96,2315734
2020-08-10,11666.54,12077.58,11432.79,11866.41,2467346
2020-08-11,11843.72,11942.09,11116.14,11223.43,2765692
2020-08-12,11180.12,11628.92,11110.43,11565.92,2543234
2020-08-13,11534.47,11664.67,11265.17,11641.04,2177850
2020-08-14,11646.04,11863.67,11580.22,11771.3,1983406
2020-08-17,11825.81,12480.55,11724.29,12322.5,2565189
2020-08-18,12318.79,12419.92,11808.73,12021.54,2574924
2020-08-19,12036.18,12096.39,11554.57,11711.66,2859186
2020-08-20,11711.41,11892.11,11674.42,11859.06,1847199
2020-08-21,11842.04,11891.12,11589.12,11621.62,1611134
2020-08-24,11641.22,11830.42,11586.76,11734.13,1368158
2020-08-25,11707.66,11789.13,11108.55,11260.79,1993443
2020-08-26,11254.83,11546.87,11242.75,11503.15,1718126
2020-08-27,11502.99,11595.41,11116.3,11260.62,2068774
2020-08-28,11236.65,11553.17,11190.3,11497.19,1439551
2020-08-31,11608.47,11778.44,11572.48,11676.03,1397278
2020-09-01,11646.16,12058.92,11510.54,12019.96,1878445
2020-09-02,11988.51,12061.3,11132.6,11374.92,2563111
2020-09-03,11337.35,11481.96,10450.19,10778.62,3176895
2020-09-04,10750.09,10800.92,9858.45,10592.8,4079416
2020-09-07,10217.11,10350.63,9872.9,10130.17,2663826
2020-09-08,10171.53,10445.06,9916.9,10017.17,2780246
2020-09-09,9989.44,10349.67,9827.78,10257.17,2088182
2020-09-10,10242.01,10488.17,10172.4,10298.92,2003963
2020-09-11,10301.52,10382.17,10199.36,10327.92,1445228
2020-09-14,10292.05,10758.13,10250.92,10691.42,1663285
2020-09-15,10692.6,10935.98,10612.69,10864.42,2007374
2020-09-16,10848.1,11098.92,10660.17,10989.42,2073678
2020-09-17,10982.67,11045.81,10738.56,10934.42,1815654
2020-09-18,10927.99,11043.68,10810.67,10887.42,1333099
2020-09-21,10850.66,10995.96,10274.84,10479.23,2158306
2020-09-22,10458.53,10533.88,10346.72,10513.67,1664782
2020-09-23,10474.69,10573.55,10128.65,10213.76,1484073
2020-09-24,10237.74,10713.27,10188.17,10637.17,1686149
2020-09-25,10627.51,10788.06,10552.65,10713.42,1445797
2020-09-28,10700.71,10950.83,10693.18,10869.17,1486910
2020-09-29,10854.22,10890.92,10613.57,10756.17,1539524
2020-09-30,10748.0,10863.36,10661.4,10706.92,1343775
2020-10-01,10698.13,10927.42,10433.96,10607.92,1652518
2020-10-02,10616.86,10662.67,10370.09,10543.92,1752584
2020-10-05,10654.9,10774.92,10618.96,10746.92,1160017
2020-10-06,10714.77,10803.42,10518.78,10542.28,1300219
2020-10-07,10523.94,10682.92,10499.0,10666.67,959722
2020-10-08,10659.15,10957.42,10533.78,10892.42,1072066
2020-10-09,10870.68,11105.33,10793.09,11039.99,984228
2020-10-12,11266.12,11591.17,11196.22,11567.17,1296476
2020-10-13,11546.95,11724.36,11297.25,11428.21,1752918
2020-10-14,11408.97,11556.01,11291.33,11387.81,1293524
2020-10-15,11365.31,11610.39,11205.68,11540.66,1168820
2020-10-16,11490.71,11548.31,11186.59,11311.05,1507398
2020-10-19,11420.98,11829.5,11409.61,11735.55,1340076
2020-10-20,11720.12,12061.4,11680.55,11903.55,1932589
2020-10-21,11890.64,12915.47,11881.53,12850.53,2888354
2020-10-22,12860.04,13252.92,12684.41,13130.68,3574669
2020-10-23,13121.18,13205.03,12728.26,12945.2,2459384
2020-10-26,13042.11,13251.53,12775.45,13020.27,2383030
2020-10-27,13033.99,13767.77,12995.86,13636.86,2665910
2020-10-28,13638.94,13867.27,12885.95,13209.52,3908885
2020-10-29,13186.34,13658.46,12983.05,13490.87,3102276
2020-10-30,13447.83,13677.66,13115.21,13641.41,3494538
2020-11-02,13805.07,13845.27,13211.67,13621.03,2760738
2020-11-03,13611.53,13806.03,13289.79,13740.52,2612538
2020-11-04,13697.71,14272.17,13531.59,13999.65,4089994
2020-11-05,14015.69,15300.98,14007.19,15260.27,5055273
2020-11-06,15197.18,15979.81,15180.73,15566.77,5920744
2020-11-09,15367.49,15843.23,14806.41,15391.77,4602274
2020-11-10,15351.75,15481.29,15083.42,15394.78,3667887
2020-11-11,15394.07,15992.95,15286.53,15810.94,308763
2020-11-12,15813.51,16217.59,15448.22,16161.41,302394
2020-11-13,16196.41,16498.53,15962.59,16295.52,255372
2020-11-16,15839.17,16894.64,15784.5,16735.98,297837
2020-11-17,16690.98,17877.22,16570.53,17633.55,243578
2020-11-18,17543.51,18472.93,17222.72,17794.49,346930
2020-11-19,17805.55,18180.91,17344.91,17932.97,243107
2020-11-20,17919.5,18827.84,17711.11,18594.76,301294
2020-11-23,18575.64,18790.82,17955.66,18426.58,279741
2020-11-24,18404.01,19444.49,18019.64,18963.61,277144
2020-11-25,18945.5,19507.32,18558.62,18855.72,283932
2020-11-26,18857.5,18929.13,16150.59,17090.13,455924
2020-11-27,17043.2,17463.78,16438.02,17020.31,490415
2020-11-30,18152.02,19837.15,18081.07,19372.58,232298
2020-12-01,19298.09,19908.33,18074.21,19072.33,222011
2020-12-02,19078.33,19342.93,18330.42,19157.63,173006
2020-12-03,19187.63,19625.43,18866.61,19464.18,166662
2020-12-04,19462.2,19559.42,18688.97,18831.62,165383
2020-12-07,19250.31,19436.27,18899.39,19080.42,167605
2020-12-08,19062.1,19310.45,18605.54,18771.98,195164
2020-12-09,18811.48,18825.12,17628.46,18508.2,211599
2020-12-10,18568.0,18641.96,17898.21,18344.33,236682
2020-12-11,18365.89,18392.28,17534.32,18101.3,262094
2020-12-14,19159.86,19341.74,18968.23,19192.43,204716
2020-12-15,19191.49,19565.84,19021.54,19427.68,187919
2020-12-16,19389.31,21303.79,19284.02,21233.56,220169
2020-12-17,21287.08,23744.17,21204.14,22769.63,257795
2020-12-18,22843.31,23288.07,22344.48,22920.68,208310
2020-12-21,23246.02,24122.14,21856.74,23131.92,228579
2020-12-22,23096.58,23623.1,22371.94,23432.19,223829
2020-12-23,23376.94,24073.99,22740.67,23294.78,219575
2020-12-24,23283.52,23476.62,22590.22,23321.08,204922
2020-12-28,26326.42,27454.94,25153.26,26625.21,228801
2020-12-29,26639.9,27186.88,25823.42,26871.89,228017
2020-12-30,26914.47,29010.5,26880.26,28894.7,236650
2020-12-31,28895.64,29312.12,27892.13,28908.02,232357
2021-01-04,33395.69,33669.27,27013.48,31044.46,354964
2021-01-05,30992.72,34275.5,29892.44,33807.28,380689
2021-01-06,33982.18,36514.46,33345.45,35848.66,194413
2021-01-07,35985.16,40427.2,35981.49,39586.64,217877
2021-01-08,39520.9,41976.74,36513.94,39934.2,341987
2021-01-11,38171.77,39018.18,30279.49,34032.88,300754
2021-01-12,33756.56,36636.25,32497.45,34723.8,191402
2021-01-13,34926.41,37417.5,32320.45,37217.13,183789
2021-01-14,37591.93,40087.59,36717.85,38825.42,134820
2021-01-15,38560.41,39682.58,34310.45,36177.27,176795
2021-01-16,36537.41,37890.05,35467.48,37169.81,82186
2021-01-17,35853.59,36801.64,33815.13,36483.53,122898
2021-01-18,36483.53,37405.04,34751.19,36167.78,106858
2021-01-19,36167.78,37811.63,36065.1,36402.04,167458
2021-01-20,36393.55,36717.98,33376.57,34846.1,148206
2021-01-21,34846.1,35614.83,30985.71,31174.33,145874
2021-01-22,31168.54,33857.66,28804.93,33281.1,175602
2021-01-23,32869.56,33492.92,31380.0,31705.05,118786
2021-01-24,32300.65,33079.63,30940.79,31873.57,152022
2021-01-25,31875.57,34879.84,31668.06,32663.3,246843
2021-01-26,32668.3,32832.38,30812.57,31975.99,331862
2021-01-27,31975.99,32924.16,29145.17,30958.74,342060
2021-01-28,30958.74,33340.69,29864.12,33197.9,275602
2021-01-29,33197.9,38622.25,31976.75,34570.28,309457
2021-01-30,34106.0,34921.89,32835.86,34262.11,189234
2021-01-31,34655.31,34792.34,32164.49,32586.19,335198
2021-02-01,32555.91,34702.59,32317.48,33659.47,366421
2021-02-02,33628.13,36003.72,33409.29,35658.17,334773
2021-02-03,35622.34,37461.07,35375.81,37281.71,260485
2021-02-04,37238.1,38752.83,36163.81,37656.08,191069
2021-02-05,37622.09,38348.3,36587.36,37849.27,200494
2021-02-06,37808.21,40619.5,37769.64,40323.44,123507
2021-02-07,40037.95,40511.58,37352.77,38581.44,215692
2021-02-08,38529.45,44830.24,38035.76,44658.11,229903
2021-02-09,44616.98,48218.29,44300.11,47320.9,230597
2021-02-10,47259.58,47389.9,43721.05,45015.64,166163
2021-02-11,44954.01,48675.32,43996.44,46905.29,164094
2021-02-12,46838.3,48951.78,46165.12,47909.27,170858
2021-02-13,47889.23,48204.23,46267.74,46613.64,79216
2021-02-14,47182.49,49711.39,46901.19,48869.91,134017
2021-02-15,48773.84,49317.43,45760.57,48171.8,163055
2021-02-16,48153.46,50596.74,47003.86,48569.06,212477
2021-02-17,48526.48,52648.43,48476.5,52402.09,196027
2021-02-18,52275.67,52553.97,50794.56,52011.38,147951
2021-02-19,51964.73,56354.54,50688.1,55501.95,174886
2021-02-20,55442.86,57545.15,55019.13,56330.28,241739
2021-02-21,56399.54,58314.2,53899.5,57305.01,163702
2021-02-22,57203.74,57630.74,46342.7,54940.36,224774
2021-02-23,54888.79,55024.68,44838.84,47936.85,300079
2021-02-24,47898.05,51392.89,46948.43,48685.57,294190
2021-02-25,48678.27,52068.31,47989.03,47989.13,315090
2021-02-26,48006.95,48798.36,44092.51,45940.75,345813
2021-02-27,45427.96,48351.02,45338.14,47087.45,244285
2021-02-28,46791.16,46825.27,42960.64,45229.6,251560
2021-03-01,45176.48,49538.16,44846.81,48846.66,294654
2021-03-02,48794.62,50237.26,46999.71,47422.67,254554
2021-03-03,47441.58,52613.0,47389.17,50891.62,222307
2021-03-04,50744.46,51778.78,47410.98,47895.65,236819
2021-03-05,48145.59,49450.53,46227.6,49103.99,204072
2021-03-06,49059.8,49166.0,47018.93,47572.88,133311
2021-03-07,48680.19,51336.34,48630.69,50048.59,146494
2021-03-08,49993.25,51991.94,49280.97,51866.77,199396
2021-03-09,51647.13,54798.11,51345.47,54296.01,201875
2021-03-10,54262.68,57393.01,52929.55,56912.95,191447
2021-03-11,56904.58,57934.29,54238.63,57683.25,186736
2021-03-12,57623.45,58131.87,54994.18,56814.47,205119
2021-03-13,57237.43,60401.06,56056.56,59683.76,365461
2021-03-14,61084.82,61671.49,59231.85,60288.06,139141
2021-03-15,60417.2,60743.07,54504.85,56366.65,221939
2021-03-16,56440.25,56958.29,53163.5,56336.53,235464
2021-03-17,56331.8,58309.53,54089.77,57835.48,230756
2021-03-18,57824.82,60070.31,56912.34,57499.79,200732
2021-03-19,57518.79,59447.08,56228.4,58233.14,206284
2021-03-20,58476.06,59854.55,57788.64,59004.52,123333
2021-03-21,58415.48,58822.56,55427.15,57807.57,179650
2021-03-22,57936.57,58420.7,54131.98,54585.87,204945
2021-03-23,54766.9,55849.56,52929.6,54323.52,260691
2021-03-24,54390.68,57200.26,53167.86,54154.64,263687
2021-03-25,53771.28,54201.85,50369.3,51971.38,271192
2021-03-26,52157.88,54284.93,51203.61,54092.61,179979
2021-03-27,54562.76,55556.83,53919.06,54713.59,93313
2021-03-28,55804.2,56598.48,54661.37,54836.92,113879
2021-03-29,54958.74,58364.3,54783.5,57153.36,106747
2021-03-30,57317.36,59399.05,56995.57,58619.9,109166
2021-03-31,58632.4,59799.72,56790.13,58904.73,122813
2021-04-01,58966.73,59487.91,57870.96,58820.2,132488
2021-04-02,58810.7,60083.11,58415.56,58682.85,137422
2021-04-03,58721.76,59793.6,58607.58,59412.15,93266
2021-04-04,58076.49,58501.66,56462.07,58039.4,145386
2021-04-05,57986.68,59260.39,56789.7,58792.64,162840
2021-04-06,58783.99,59474.85,57300.55,58238.15,169551
2021-04-07,58194.37,58648.47,55425.56,56152.38,165995
2021-04-08,56124.3,58156.6,55682.87,57661.9,138869
2021-04-09,57561.95,58891.3,57429.44,58289.1,119561
2021-04-10,58136.14,61094.12,57833.02,60456.9,44512
2021-04-11,58602.76,60678.3,58601.86,59630.9,101668
2021-04-12,59534.53,61198.85,59367.35,59970.39,121906
2021-04-13,59869.79,63728.76,59699.4,63192.9,155315
2021-04-14,63110.78,64890.26,61235.74,62315.15,229695
2021-04-15,62523.53,63655.44,62012.22,63369.15,192545
2021-04-16,63451.26,63829.86,60000.21,61928.25,215254
2021-04-17,61701.28,62565.58,60340.04,61120.15,111153
2021-04-18,60785.45,61007.02,46794.76,56260.64,170779
2021-04-19,56207.64,57603.57,54281.95,56171.15,178036
2021-04-20,56270.07,57083.79,53385.67,56798.65,156666
2021-04-21,56770.96,57090.79,54294.71,55037.67,158635
2021-04-22,54983.56,55479.15,51368.96,51796.0,187591
2021-04-23,51038.0,52236.67,47287.76,50599.61,199846
2021-04-24,50543.0,51238.4,48721.81,49590.58,106121
2021-04-25,50878.32,51046.86,47892.37,47989.87,143115
2021-04-26,47929.82,54393.65,46979.39,53270.65,191663
2021-04-27,52669.78,55385.65,52598.9,55111.59,161377
2021-04-28,54847.6,56452.06,53851.9,54391.54,160569
2021-04-29,54119.33,55225.98,52344.05,52977.9,156347
2021-04-30,52880.57,57405.92,52736.72,56764.65,140025
2021-05-01,56966.14,58528.67,56875.64,57670.58,71381
2021-05-02,57549.89,58011.29,56003.49,57036.76,91781
2021-05-03,57043.4,58983.42,56224.4,56835.49,122833
2021-05-04,56776.67,57526.98,53214.2,54807.02,144916
2021-05-05,54404.04,57944.65,52886.65,56818.49,143547
2021-05-06,56761.35,58370.51,55207.76,55956.0,122482
2021-05-07,55974.47,58732.84,55262.01,57529.46,147140
2021-05-08,57440.42,59476.57,56776.03,58910.87,94072
2021-05-09,58815.63,59283.13,56226.31,57929.36,122807
2021-05-10,57855.59,59609.39,53452.4,55275.24,153897
2021-05-11,55482.96,56952.37,54457.41,56886.3,153875
2021-05-12,56826.8,58034.66,53529.76,54501.83,143591
2021-05-13,54307.14,54813.87,44990.15,49213.76,173425
2021-05-14,49061.33,51586.01,48404.09,49249.75,142011
2021-05-15,49710.71,50725.68,47809.36,49040.92,73047
2021-05-16,48415.75,49804.8,43717.84,43870.61,120967
2021-05-17,44712.91,46631.09,41996.19,44845.11,184487
2021-05-18,44352.71,45832.19,42373.57,43286.58,186948
2021-05-19,43376.86,43574.33,28318.15,38378.83,192279
2021-05-20,38654.27,42533.97,34861.31,40032.35,188238
2021-05-21,39825.69,42304.33,35205.2,35284.81,168097
2021-05-22,36318.26,38871.45,35209.96,38367.23,119325
2021-05-23,37983.67,38385.87,31045.35,33624.43,189108
2021-05-24,33854.85,39926.32,33630.12,38993.87,190168
2021-05-25,39120.34,39850.45,36445.7,37635.71,184563
2021-05-26,37564.67,40917.08,37424.74,38721.08,178085
2021-05-27,38728.11,40411.09,37184.35,38458.33,179827
2021-05-28,38154.28,39182.43,35101.52,35273.99,202297
2021-05-29,35035.69,37322.19,34123.14,34884.42,116721
2021-05-30,34310.42,36494.05,33387.24,36096.7,150706
2021-05-31,35930.2,37467.6,34167.46,36656.58,167805
2021-06-01,36747.34,37909.83,35615.59,36308.09,180082
2021-06-02,36216.65,38236.24,35895.89,37756.83,151574
2021-06-03,37722.37,39486.33,37171.15,38666.83,153857
2021-06-04,38908.29,39287.08,35530.01,36982.58,157459
2021-06-05,37193.58,37923.82,35234.55,35744.83,80814
2021-06-06,35622.96,36469.31,34789.79,35941.82,106953
2021-06-07,35769.62,36808.03,33978.3,34449.32,144838
2021-06-08,34541.34,34571.32,30965.05,33619.99,186296
2021-06-09,33495.65,36971.08,32421.83,36400.44,188188
2021-06-10,36291.48,38410.85,35799.62,36413.14,178165
2021-06-11,36370.77,37683.27,35900.63,37230.89,165273
2021-06-12,36937.64,37494.79,34585.04,35997.39,99616
2021-06-13,35934.64,39336.48,34767.69,39336.48,122803
2021-06-14,39073.98,41043.39,38680.67,39816.14,172393
2021-06-15,40196.1,41317.89,39491.07,39952.14,172306
